[{"order_id": "order1", "customer": {"firstname": "Beth", "name": "Rice"}, "products": [{"product_id": "prod79", "name": "Smartphone", "quantity": 3, "price": 1977.52}, {"product_id": "prod57", "name": "Monitor", "quantity": 6, "price": 1429.99}, {"product_id": "prod35", "name": "Laptop", "quantity": 6, "price": 29.33}]}, {"order_id": "order2", "customer": {"firstname": "Richard", "name": "Kennedy"}, "products": [{"product_id": "prod3", "name": "Monitor", "quantity": 10, "price": 1561.75}, {"product_id": "prod32", "name": "Monitor", "quantity": 2, "price": 1060.52}]}, {"order_id": "order3", "customer": {"firstname": "Felicia", "name": "Nunez"}, "products": [{"product_id": "prod22", "name": "Headphones", "quantity": 1, "price": 89.09}]}, {"order_id": "order4", "customer": {"firstname": "Kim", "name": "Graham"}, "products": [{"product_id": "prod65", "name": "Printer", "quantity": 8, "price": 285.97}, {"product_id": "prod33", "name": "Smartwatch", "quantity": 9, "price": 1069.95}, {"product_id": "prod42", "name": "Keyboard", "quantity": 2, "price": 1253.88}, {"product_id": "prod89", "name": "Monitor", "quantity": 10, "price": 1470.69}, {"product_id": "prod22", "name": "Keyboard", "quantity": 10, "price": 905.28}, {"product_id": "prod91", "name": "Camera", "quantity": 3, "price": 1238.14}, {"product_id": "prod5", "name": "Camera", "quantity": 3, "price": 651.71}, {"product_id": "prod70", "name": "Mouse", "quantity": 6, "price": 414.11}, {"product_id": "prod2", "name": "Keyboard", "quantity": 4, "price": 97.05}]}, {"order_id": "order5", "customer": {"firstname": "Krystal", "name": "Norris"}, "products": [{"product_id": "prod29", "name": "Monitor", "quantity": 7, "price": 828.96}, {"product_id": "prod82", "name": "Keyboard", "quantity": 7, "price": 1767.12}, {"product_id": "prod29", "name": "Headphones", "quantity": 8, "price": 1646.32}, {"product_id": "prod54", "name": "Headphones", "quantity": 10, "price": 1806.06}, {"product_id": "prod85", "name": "Keyboard", "quantity": 4, "price": 1694.19}, {"product_id": "prod76", "name": "Laptop", "quantity": 2, "price": 62.97}, {"product_id": "prod39", "name": "Mouse", "quantity": 6, "price": 775.46}, {"product_id": "prod99", "name": "Camera", "quantity": 10, "price": 1322.23}, {"product_id": "prod91", "name": "Laptop", "quantity": 7, "price": 1203.34}, {"product_id": "prod27", "name": "Smartwatch", "quantity": 2, "price": 1834.13}]}, {"order_id": "order6", "customer": {"firstname": "Christina", "name": "Gonzalez"}, "products": [{"product_id": "prod19", "name": "Mouse", "quantity": 10, "price": 449.01}]}, {"order_id": "order7", "customer": {"firstname": "David", "name": "Franco"}, "products": [{"product_id": "prod1", "name": "Smartphone", "quantity": 2, "price": 395.7}, {"product_id": "prod60", "name": "Smartphone", "quantity": 4, "price": 431.04}, {"product_id": "prod18", "name": "Headphones", "quantity": 8, "price": 1527.2}, {"product_id": "prod8", "name": "Headphones", "quantity": 2, "price": 1459.67}, {"product_id": "prod89", "name": "Printer", "quantity": 10, "price": 1063.86}, {"product_id": "prod11", "name": "Headphones", "quantity": 4, "price": 472.41}, {"product_id": "prod58", "name": "Smartwatch", "quantity": 7, "price": 1114.3}, {"product_id": "prod29", "name": "Mouse", "quantity": 3, "price": 503.97}]}, {"order_id": "order8", "customer": {"firstname": "Jonathan", "name": "Watson"}, "products": [{"product_id": "prod62", "name": "Tablet", "quantity": 1, "price": 1422.91}, {"product_id": "prod49", "name": "Mouse", "quantity": 7, "price": 1619.94}, {"product_id": "prod4", "name": "Laptop", "quantity": 10, "price": 1340.87}]}, {"order_id": "order9", "customer": {"firstname": "Christopher", "name": "Rubio"}, "products": [{"product_id": "prod80", "name": "Mouse", "quantity": 7, "price": 62.89}]}, {"order_id": "order10", "customer": {"firstname": "Tiffany", "name": "Jacobs"}, "products": [{"product_id": "prod41", "name": "Smartphone", "quantity": 3, "price": 733.72}, {"product_id": "prod7", "name": "Monitor", "quantity": 8, "price": 262.54}, {"product_id": "prod21", "name": "Smartphone", "quantity": 9, "price": 1054.96}, {"product_id": "prod100", "name": "Mouse", "quantity": 8, "price": 976.71}, {"product_id": "prod96", "name": "Headphones", "quantity": 8, "price": 36.74}, {"product_id": "prod54", "name": "Camera", "quantity": 5, "price": 482.96}]}, {"order_id": "order11", "customer": {"firstname": "Michael", "name": "Spears"}, "products": [{"product_id": "prod56", "name": "Tablet", "quantity": 1, "price": 1955.43}, {"product_id": "prod71", "name": "Printer", "quantity": 4, "price": 218.23}, {"product_id": "prod99", "name": "Printer", "quantity": 6, "price": 583.83}, {"product_id": "prod74", "name": "Monitor", "quantity": 10, "price": 931.13}, {"product_id": "prod30", "name": "Monitor", "quantity": 3, "price": 1814.1}, {"product_id": "prod26", "name": "Smartwatch", "quantity": 2, "price": 256.13}, {"product_id": "prod33", "name": "Laptop", "quantity": 2, "price": 950.45}]}, {"order_id": "order12", "customer": {"firstname": "Amanda", "name": "Taylor"}, "products": [{"product_id": "prod99", "name": "Smartphone", "quantity": 10, "price": 1397.0}, {"product_id": "prod54", "name": "Camera", "quantity": 3, "price": 1837.33}, {"product_id": "prod71", "name": "Printer", "quantity": 5, "price": 548.34}, {"product_id": "prod95", "name": "Camera", "quantity": 3, "price": 1659.31}, {"product_id": "prod94", "name": "Camera", "quantity": 9, "price": 892.57}, {"product_id": "prod2", "name": "Camera", "quantity": 1, "price": 255.05}, {"product_id": "prod57", "name": "Mouse", "quantity": 9, "price": 979.8}, {"product_id": "prod78", "name": "Monitor", "quantity": 9, "price": 1070.91}]}, {"order_id": "order13", "customer": {"firstname": "Jennifer", "name": "Santos"}, "products": [{"product_id": "prod41", "name": "Camera", "quantity": 4, "price": 1889.24}, {"product_id": "prod79", "name": "Tablet", "quantity": 10, "price": 1586.75}, {"product_id": "prod38", "name": "Keyboard", "quantity": 6, "price": 548.18}, {"product_id": "prod12", "name": "Mouse", "quantity": 6, "price": 939.14}, {"product_id": "prod100", "name": "Printer", "quantity": 8, "price": 1042.41}, {"product_id": "prod40", "name": "Smartphone", "quantity": 7, "price": 1445.44}, {"product_id": "prod12", "name": "Monitor", "quantity": 3, "price": 690.65}]}, {"order_id": "order14", "customer": {"firstname": "Richard", "name": "Cardenas"}, "products": [{"product_id": "prod53", "name": "Tablet", "quantity": 8, "price": 196.73}, {"product_id": "prod49", "name": "Keyboard", "quantity": 8, "price": 1480.01}, {"product_id": "prod47", "name": "Keyboard", "quantity": 1, "price": 1805.82}, {"product_id": "prod95", "name": "Smartphone", "quantity": 2, "price": 1072.15}, {"product_id": "prod64", "name": "Mouse", "quantity": 7, "price": 729.03}, {"product_id": "prod12", "name": "Printer", "quantity": 1, "price": 926.52}, {"product_id": "prod32", "name": "Monitor", "quantity": 1, "price": 1206.74}, {"product_id": "prod29", "name": "Tablet", "quantity": 7, "price": 829.85}, {"product_id": "prod84", "name": "Printer", "quantity": 4, "price": 1601.41}]}, {"order_id": "order15", "customer": {"firstname": "Natalie", "name": "Barnes"}, "products": [{"product_id": "prod70", "name": "Monitor", "quantity": 5, "price": 1197.95}]}, {"order_id": "order16", "customer": {"firstname": "Monica", "name": "Christensen"}, "products": [{"product_id": "prod41", "name": "Printer", "quantity": 3, "price": 1306.45}, {"product_id": "prod87", "name": "Camera", "quantity": 8, "price": 826.97}, {"product_id": "prod80", "name": "Keyboard", "quantity": 9, "price": 920.99}, {"product_id": "prod97", "name": "Tablet", "quantity": 8, "price": 1744.1}]}, {"order_id": "order17", "customer": {"firstname": "Derek", "name": "Montgomery"}, "products": [{"product_id": "prod6", "name": "Tablet", "quantity": 1, "price": 1821.5}, {"product_id": "prod65", "name": "Smartphone", "quantity": 5, "price": 1944.45}]}, {"order_id": "order18", "customer": {"firstname": "Christian", "name": "Smith"}, "products": [{"product_id": "prod38", "name": "Smartphone", "quantity": 7, "price": 773.1}, {"product_id": "prod46", "name": "Printer", "quantity": 6, "price": 1327.84}, {"product_id": "prod47", "name": "Camera", "quantity": 1, "price": 1837.93}, {"product_id": "prod1", "name": "Printer", "quantity": 6, "price": 1116.96}, {"product_id": "prod28", "name": "Smartphone", "quantity": 4, "price": 1626.31}]}, {"order_id": "order19", "customer": {"firstname": "Michael", "name": "Gill"}, "products": [{"product_id": "prod52", "name": "Camera", "quantity": 3, "price": 1091.36}, {"product_id": "prod80", "name": "Camera", "quantity": 7, "price": 112.32}, {"product_id": "prod56", "name": "Monitor", "quantity": 6, "price": 45.05}, {"product_id": "prod90", "name": "Keyboard", "quantity": 1, "price": 924.31}, {"product_id": "prod78", "name": "Monitor", "quantity": 9, "price": 1574.58}, {"product_id": "prod43", "name": "Monitor", "quantity": 9, "price": 1642.69}, {"product_id": "prod6", "name": "Headphones", "quantity": 1, "price": 1955.05}]}, {"order_id": "order20", "customer": {"firstname": "Kevin", "name": "King"}, "products": [{"product_id": "prod94", "name": "Smartphone", "quantity": 9, "price": 1095.36}, {"product_id": "prod77", "name": "Mouse", "quantity": 7, "price": 1578.23}]}, {"order_id": "order21", "customer": {"firstname": "Robert", "name": "Henry"}, "products": [{"product_id": "prod100", "name": "Monitor", "quantity": 7, "price": 1778.59}]}, {"order_id": "order22", "customer": {"firstname": "Kristi", "name": "Bush"}, "products": [{"product_id": "prod11", "name": "Headphones", "quantity": 10, "price": 1425.09}, {"product_id": "prod13", "name": "Laptop", "quantity": 3, "price": 1917.05}, {"product_id": "prod51", "name": "Monitor", "quantity": 8, "price": 432.75}, {"product_id": "prod84", "name": "Mouse", "quantity": 6, "price": 966.17}, {"product_id": "prod16", "name": "Keyboard", "quantity": 7, "price": 881.88}, {"product_id": "prod70", "name": "Laptop", "quantity": 9, "price": 1102.33}, {"product_id": "prod65", "name": "Printer", "quantity": 3, "price": 934.14}, {"product_id": "prod45", "name": "Printer", "quantity": 9, "price": 1602.47}]}, {"order_id": "order23", "customer": {"firstname": "Anthony", "name": "Tran"}, "products": [{"product_id": "prod81", "name": "Smartphone", "quantity": 2, "price": 279.96}, {"product_id": "prod11", "name": "Mouse", "quantity": 5, "price": 1280.4}, {"product_id": "prod87", "name": "Printer", "quantity": 6, "price": 1388.06}, {"product_id": "prod77", "name": "Laptop", "quantity": 3, "price": 897.75}, {"product_id": "prod41", "name": "Headphones", "quantity": 2, "price": 1426.89}, {"product_id": "prod14", "name": "Smartphone", "quantity": 8, "price": 1852.24}, {"product_id": "prod65", "name": "Mouse", "quantity": 9, "price": 1995.27}]}, {"order_id": "order24", "customer": {"firstname": "Thomas", "name": "Ryan"}, "products": [{"product_id": "prod95", "name": "Keyboard", "quantity": 3, "price": 729.07}, {"product_id": "prod20", "name": "Tablet", "quantity": 7, "price": 1612.18}, {"product_id": "prod92", "name": "Printer", "quantity": 5, "price": 772.9}, {"product_id": "prod81", "name": "Mouse", "quantity": 9, "price": 1770.98}, {"product_id": "prod24", "name": "Printer", "quantity": 5, "price": 1966.22}]}, {"order_id": "order25", "customer": {"firstname": "Brandon", "name": "Rodriguez"}, "products": [{"product_id": "prod83", "name": "Tablet", "quantity": 4, "price": 1399.68}]}, {"order_id": "order26", "customer": {"firstname": "Michael", "name": "Jones"}, "products": [{"product_id": "prod27", "name": "Printer", "quantity": 1, "price": 1656.62}, {"product_id": "prod42", "name": "Smartphone", "quantity": 10, "price": 189.97}, {"product_id": "prod87", "name": "Keyboard", "quantity": 6, "price": 1165.91}, {"product_id": "prod53", "name": "Smartphone", "quantity": 5, "price": 799.11}, {"product_id": "prod1", "name": "Tablet", "quantity": 4, "price": 1380.37}, {"product_id": "prod15", "name": "Printer", "quantity": 2, "price": 1177.12}, {"product_id": "prod15", "name": "Monitor", "quantity": 5, "price": 1776.94}, {"product_id": "prod58", "name": "Printer", "quantity": 1, "price": 720.07}]}, {"order_id": "order27", "customer": {"firstname": "Anthony", "name": "Marsh"}, "products": [{"product_id": "prod37", "name": "Camera", "quantity": 8, "price": 445.73}, {"product_id": "prod99", "name": "Tablet", "quantity": 2, "price": 827.95}, {"product_id": "prod67", "name": "Smartwatch", "quantity": 9, "price": 714.03}, {"product_id": "prod78", "name": "Smartwatch", "quantity": 5, "price": 1895.64}, {"product_id": "prod89", "name": "Headphones", "quantity": 6, "price": 864.31}, {"product_id": "prod3", "name": "Headphones", "quantity": 5, "price": 334.83}, {"product_id": "prod64", "name": "Mouse", "quantity": 2, "price": 1464.36}, {"product_id": "prod55", "name": "Printer", "quantity": 6, "price": 118.8}, {"product_id": "prod86", "name": "Smartwatch", "quantity": 6, "price": 1695.65}, {"product_id": "prod79", "name": "Tablet", "quantity": 3, "price": 1796.02}]}, {"order_id": "order28", "customer": {"firstname": "Connor", "name": "Doyle"}, "products": [{"product_id": "prod53", "name": "Tablet", "quantity": 2, "price": 1077.5}, {"product_id": "prod88", "name": "Smartwatch", "quantity": 7, "price": 444.92}, {"product_id": "prod75", "name": "Tablet", "quantity": 9, "price": 630.29}]}, {"order_id": "order29", "customer": {"firstname": "Kristen", "name": "Garcia"}, "products": [{"product_id": "prod88", "name": "Headphones", "quantity": 1, "price": 152.85}, {"product_id": "prod57", "name": "Smartwatch", "quantity": 3, "price": 1733.74}, {"product_id": "prod60", "name": "Tablet", "quantity": 9, "price": 528.34}]}, {"order_id": "order30", "customer": {"firstname": "Helen", "name": "Flores"}, "products": [{"product_id": "prod77", "name": "Smartphone", "quantity": 10, "price": 439.55}, {"product_id": "prod69", "name": "Keyboard", "quantity": 9, "price": 1890.96}, {"product_id": "prod99", "name": "Monitor", "quantity": 1, "price": 1254.38}, {"product_id": "prod22", "name": "Smartphone", "quantity": 5, "price": 1812.95}, {"product_id": "prod66", "name": "Headphones", "quantity": 8, "price": 1908.49}, {"product_id": "prod92", "name": "Camera", "quantity": 8, "price": 657.62}, {"product_id": "prod37", "name": "Monitor", "quantity": 4, "price": 1014.62}, {"product_id": "prod6", "name": "Headphones", "quantity": 3, "price": 1411.34}, {"product_id": "prod32", "name": "Tablet", "quantity": 1, "price": 1558.13}, {"product_id": "prod81", "name": "Camera", "quantity": 2, "price": 1348.28}]}, {"order_id": "order31", "customer": {"firstname": "Christopher", "name": "Mckinney"}, "products": [{"product_id": "prod37", "name": "Smartwatch", "quantity": 9, "price": 1296.73}, {"product_id": "prod59", "name": "Smartwatch", "quantity": 10, "price": 1502.15}, {"product_id": "prod29", "name": "Headphones", "quantity": 7, "price": 136.19}, {"product_id": "prod34", "name": "Laptop", "quantity": 3, "price": 1529.89}, {"product_id": "prod13", "name": "Camera", "quantity": 1, "price": 1909.2}, {"product_id": "prod66", "name": "Smartwatch", "quantity": 3, "price": 314.8}, {"product_id": "prod91", "name": "Headphones", "quantity": 8, "price": 1523.89}]}, {"order_id": "order32", "customer": {"firstname": "Charles", "name": "Lopez"}, "products": [{"product_id": "prod41", "name": "Laptop", "quantity": 7, "price": 370.21}, {"product_id": "prod85", "name": "Mouse", "quantity": 4, "price": 512.68}, {"product_id": "prod63", "name": "Laptop", "quantity": 7, "price": 1413.95}, {"product_id": "prod52", "name": "Printer", "quantity": 7, "price": 861.62}, {"product_id": "prod7", "name": "Tablet", "quantity": 8, "price": 1793.03}, {"product_id": "prod2", "name": "Headphones", "quantity": 2, "price": 1508.98}, {"product_id": "prod56", "name": "Mouse", "quantity": 7, "price": 1289.41}, {"product_id": "prod64", "name": "Tablet", "quantity": 2, "price": 1332.36}, {"product_id": "prod98", "name": "Camera", "quantity": 6, "price": 1866.05}]}, {"order_id": "order33", "customer": {"firstname": "George", "name": "Foster"}, "products": [{"product_id": "prod68", "name": "Printer", "quantity": 4, "price": 1124.48}, {"product_id": "prod16", "name": "Smartphone", "quantity": 7, "price": 1258.45}, {"product_id": "prod99", "name": "Camera", "quantity": 10, "price": 890.75}, {"product_id": "prod75", "name": "Laptop", "quantity": 8, "price": 1408.96}, {"product_id": "prod74", "name": "Smartwatch", "quantity": 10, "price": 1469.28}, {"product_id": "prod26", "name": "Smartphone", "quantity": 10, "price": 696.47}, {"product_id": "prod50", "name": "Printer", "quantity": 4, "price": 1834.4}]}, {"order_id": "order34", "customer": {"firstname": "Miguel", "name": "Vasquez"}, "products": [{"product_id": "prod69", "name": "Keyboard", "quantity": 2, "price": 1229.71}, {"product_id": "prod48", "name": "Camera", "quantity": 4, "price": 321.65}, {"product_id": "prod1", "name": "Laptop", "quantity": 5, "price": 1932.71}, {"product_id": "prod99", "name": "Smartwatch", "quantity": 2, "price": 685.34}, {"product_id": "prod51", "name": "Headphones", "quantity": 4, "price": 1388.47}, {"product_id": "prod2", "name": "Monitor", "quantity": 3, "price": 1516.62}, {"product_id": "prod52", "name": "Monitor", "quantity": 4, "price": 1258.17}, {"product_id": "prod66", "name": "Monitor", "quantity": 9, "price": 264.46}]}, {"order_id": "order35", "customer": {"firstname": "Nancy", "name": "Green"}, "products": [{"product_id": "prod2", "name": "Laptop", "quantity": 4, "price": 539.82}, {"product_id": "prod71", "name": "Headphones", "quantity": 10, "price": 978.93}, {"product_id": "prod60", "name": "Keyboard", "quantity": 2, "price": 1572.35}, {"product_id": "prod14", "name": "Printer", "quantity": 3, "price": 1472.46}, {"product_id": "prod38", "name": "Headphones", "quantity": 1, "price": 1435.65}]}, {"order_id": "order36", "customer": {"firstname": "Elizabeth", "name": "Vincent"}, "products": [{"product_id": "prod25", "name": "Headphones", "quantity": 10, "price": 462.99}]}, {"order_id": "order37", "customer": {"firstname": "Penny", "name": "Olson"}, "products": [{"product_id": "prod67", "name": "Smartphone", "quantity": 1, "price": 1086.08}, {"product_id": "prod81", "name": "Smartphone", "quantity": 4, "price": 893.77}, {"product_id": "prod95", "name": "Smartphone", "quantity": 5, "price": 995.87}, {"product_id": "prod5", "name": "Keyboard", "quantity": 1, "price": 1579.26}, {"product_id": "prod28", "name": "Smartphone", "quantity": 7, "price": 1568.68}]}, {"order_id": "order38", "customer": {"firstname": "Tina", "name": "Johnson"}, "products": [{"product_id": "prod24", "name": "Monitor", "quantity": 7, "price": 478.33}, {"product_id": "prod6", "name": "Smartphone", "quantity": 3, "price": 1896.96}, {"product_id": "prod10", "name": "Smartphone", "quantity": 6, "price": 1985.89}, {"product_id": "prod34", "name": "Smartwatch", "quantity": 6, "price": 699.59}]}, {"order_id": "order39", "customer": {"firstname": "Morgan", "name": "Cox"}, "products": [{"product_id": "prod26", "name": "Smartphone", "quantity": 8, "price": 681.24}, {"product_id": "prod65", "name": "Smartwatch", "quantity": 4, "price": 943.59}, {"product_id": "prod76", "name": "Printer", "quantity": 3, "price": 993.98}, {"product_id": "prod28", "name": "Keyboard", "quantity": 2, "price": 141.37}, {"product_id": "prod41", "name": "Camera", "quantity": 9, "price": 404.79}, {"product_id": "prod62", "name": "Tablet", "quantity": 2, "price": 576.96}, {"product_id": "prod63", "name": "Smartphone", "quantity": 5, "price": 1221.99}, {"product_id": "prod82", "name": "Camera", "quantity": 2, "price": 263.31}]}, {"order_id": "order40", "customer": {"firstname": "Sarah", "name": "Davis"}, "products": [{"product_id": "prod61", "name": "Smartwatch", "quantity": 6, "price": 1962.82}, {"product_id": "prod26", "name": "Monitor", "quantity": 6, "price": 162.99}, {"product_id": "prod10", "name": "Monitor", "quantity": 4, "price": 517.57}, {"product_id": "prod35", "name": "Monitor", "quantity": 9, "price": 1763.6}, {"product_id": "prod28", "name": "Smartphone", "quantity": 1, "price": 1813.6}, {"product_id": "prod56", "name": "Monitor", "quantity": 10, "price": 439.38}, {"product_id": "prod34", "name": "Monitor", "quantity": 9, "price": 1995.54}]}, {"order_id": "order41", "customer": {"firstname": "James", "name": "Pratt"}, "products": [{"product_id": "prod17", "name": "Mouse", "quantity": 4, "price": 408.92}, {"product_id": "prod29", "name": "Smartphone", "quantity": 3, "price": 844.59}, {"product_id": "prod59", "name": "Laptop", "quantity": 6, "price": 1291.97}, {"product_id": "prod51", "name": "Camera", "quantity": 2, "price": 1941.42}, {"product_id": "prod94", "name": "Smartwatch", "quantity": 1, "price": 353.53}]}, {"order_id": "order42", "customer": {"firstname": "Steven", "name": "Mcgrath"}, "products": [{"product_id": "prod31", "name": "Keyboard", "quantity": 8, "price": 995.79}, {"product_id": "prod87", "name": "Mouse", "quantity": 10, "price": 970.08}, {"product_id": "prod65", "name": "Keyboard", "quantity": 3, "price": 964.26}, {"product_id": "prod83", "name": "Smartphone", "quantity": 2, "price": 1438.2}, {"product_id": "prod12", "name": "Monitor", "quantity": 4, "price": 1748.29}, {"product_id": "prod7", "name": "Printer", "quantity": 4, "price": 203.96}, {"product_id": "prod75", "name": "Mouse", "quantity": 2, "price": 1145.38}]}, {"order_id": "order43", "customer": {"firstname": "Jennifer", "name": "Perez"}, "products": [{"product_id": "prod60", "name": "Smartphone", "quantity": 3, "price": 664.46}, {"product_id": "prod5", "name": "Mouse", "quantity": 5, "price": 37.79}, {"product_id": "prod83", "name": "Tablet", "quantity": 1, "price": 210.02}, {"product_id": "prod44", "name": "Monitor", "quantity": 5, "price": 224.23}]}, {"order_id": "order44", "customer": {"firstname": "Robert", "name": "Smith"}, "products": [{"product_id": "prod41", "name": "Tablet", "quantity": 3, "price": 1584.25}, {"product_id": "prod44", "name": "Smartphone", "quantity": 3, "price": 1878.81}, {"product_id": "prod95", "name": "Smartwatch", "quantity": 3, "price": 1101.75}, {"product_id": "prod67", "name": "Mouse", "quantity": 8, "price": 1686.81}, {"product_id": "prod29", "name": "Tablet", "quantity": 3, "price": 1360.58}, {"product_id": "prod86", "name": "Mouse", "quantity": 5, "price": 1115.37}, {"product_id": "prod54", "name": "Smartwatch", "quantity": 10, "price": 303.29}]}, {"order_id": "order45", "customer": {"firstname": "Sandra", "name": "Tran"}, "products": [{"product_id": "prod47", "name": "Camera", "quantity": 8, "price": 1810.91}, {"product_id": "prod74", "name": "Printer", "quantity": 1, "price": 971.81}, {"product_id": "prod48", "name": "Laptop", "quantity": 1, "price": 595.92}, {"product_id": "prod67", "name": "Headphones", "quantity": 2, "price": 267.93}, {"product_id": "prod100", "name": "Smartwatch", "quantity": 3, "price": 1016.28}, {"product_id": "prod19", "name": "Smartphone", "quantity": 8, "price": 855.95}, {"product_id": "prod100", "name": "Headphones", "quantity": 7, "price": 93.74}, {"product_id": "prod65", "name": "Laptop", "quantity": 8, "price": 1389.03}, {"product_id": "prod79", "name": "Camera", "quantity": 5, "price": 1632.2}, {"product_id": "prod44", "name": "Camera", "quantity": 10, "price": 1381.93}]}, {"order_id": "order46", "customer": {"firstname": "Anthony", "name": "Carrillo"}, "products": [{"product_id": "prod28", "name": "Headphones", "quantity": 1, "price": 1499.78}, {"product_id": "prod33", "name": "Camera", "quantity": 2, "price": 374.32}]}, {"order_id": "order47", "customer": {"firstname": "Jesus", "name": "Harper"}, "products": [{"product_id": "prod89", "name": "Laptop", "quantity": 2, "price": 1619.77}, {"product_id": "prod97", "name": "Headphones", "quantity": 5, "price": 1460.71}, {"product_id": "prod57", "name": "Printer", "quantity": 4, "price": 140.77}, {"product_id": "prod70", "name": "Monitor", "quantity": 4, "price": 1074.17}, {"product_id": "prod29", "name": "Monitor", "quantity": 3, "price": 1780.7}]}, {"order_id": "order48", "customer": {"firstname": "Austin", "name": "Rodriguez"}, "products": [{"product_id": "prod37", "name": "Tablet", "quantity": 2, "price": 289.33}, {"product_id": "prod59", "name": "Smartwatch", "quantity": 6, "price": 439.95}, {"product_id": "prod92", "name": "Mouse", "quantity": 10, "price": 1986.96}, {"product_id": "prod91", "name": "Printer", "quantity": 8, "price": 434.38}, {"product_id": "prod92", "name": "Smartwatch", "quantity": 9, "price": 1942.03}, {"product_id": "prod7", "name": "Smartwatch", "quantity": 10, "price": 1018.93}, {"product_id": "prod41", "name": "Laptop", "quantity": 10, "price": 1472.2}]}, {"order_id": "order49", "customer": {"firstname": "Julie", "name": "Owen"}, "products": [{"product_id": "prod86", "name": "Mouse", "quantity": 2, "price": 1019.96}, {"product_id": "prod19", "name": "Headphones", "quantity": 9, "price": 443.24}]}, {"order_id": "order50", "customer": {"firstname": "Jesse", "name": "Martinez"}, "products": [{"product_id": "prod59", "name": "Printer", "quantity": 6, "price": 1494.53}, {"product_id": "prod69", "name": "Smartphone", "quantity": 5, "price": 512.58}]}, {"order_id": "order51", "customer": {"firstname": "Patricia", "name": "Lawrence"}, "products": [{"product_id": "prod74", "name": "Laptop", "quantity": 4, "price": 371.93}, {"product_id": "prod85", "name": "Tablet", "quantity": 6, "price": 1353.67}, {"product_id": "prod50", "name": "Printer", "quantity": 5, "price": 1128.82}, {"product_id": "prod24", "name": "Camera", "quantity": 7, "price": 1674.64}, {"product_id": "prod32", "name": "Mouse", "quantity": 9, "price": 1124.82}, {"product_id": "prod70", "name": "Mouse", "quantity": 7, "price": 169.34}, {"product_id": "prod71", "name": "Camera", "quantity": 1, "price": 752.92}]}, {"order_id": "order52", "customer": {"firstname": "Matthew", "name": "Clark"}, "products": [{"product_id": "prod97", "name": "Smartphone", "quantity": 2, "price": 1169.52}]}, {"order_id": "order53", "customer": {"firstname": "Alexander", "name": "Smith"}, "products": [{"product_id": "prod31", "name": "Keyboard", "quantity": 5, "price": 826.24}, {"product_id": "prod31", "name": "Keyboard", "quantity": 6, "price": 1775.09}, {"product_id": "prod54", "name": "Smartwatch", "quantity": 8, "price": 1839.36}]}, {"order_id": "order54", "customer": {"firstname": "Maria", "name": "Kidd"}, "products": [{"product_id": "prod51", "name": "Keyboard", "quantity": 8, "price": 1216.37}, {"product_id": "prod20", "name": "Mouse", "quantity": 5, "price": 1002.01}]}, {"order_id": "order55", "customer": {"firstname": "Janet", "name": "Carr"}, "products": [{"product_id": "prod26", "name": "Camera", "quantity": 3, "price": 1146.57}, {"product_id": "prod49", "name": "Tablet", "quantity": 5, "price": 454.44}, {"product_id": "prod50", "name": "Mouse", "quantity": 3, "price": 495.05}, {"product_id": "prod11", "name": "Tablet", "quantity": 3, "price": 1252.15}, {"product_id": "prod33", "name": "Keyboard", "quantity": 3, "price": 1617.9}, {"product_id": "prod16", "name": "Laptop", "quantity": 2, "price": 302.71}]}, {"order_id": "order56", "customer": {"firstname": "Timothy", "name": "Burton"}, "products": [{"product_id": "prod25", "name": "Monitor", "quantity": 5, "price": 319.62}, {"product_id": "prod52", "name": "Mouse", "quantity": 3, "price": 1372.25}, {"product_id": "prod84", "name": "Monitor", "quantity": 2, "price": 1045.62}, {"product_id": "prod86", "name": "Smartwatch", "quantity": 1, "price": 1015.95}, {"product_id": "prod23", "name": "Mouse", "quantity": 3, "price": 1565.5}]}, {"order_id": "order57", "customer": {"firstname": "Ryan", "name": "Moore"}, "products": [{"product_id": "prod66", "name": "Tablet", "quantity": 5, "price": 1210.63}, {"product_id": "prod40", "name": "Mouse", "quantity": 9, "price": 927.47}, {"product_id": "prod2", "name": "Smartwatch", "quantity": 4, "price": 1104.36}, {"product_id": "prod31", "name": "Smartwatch", "quantity": 8, "price": 48.19}, {"product_id": "prod1", "name": "Monitor", "quantity": 10, "price": 1625.67}, {"product_id": "prod84", "name": "Mouse", "quantity": 7, "price": 1295.28}, {"product_id": "prod61", "name": "Monitor", "quantity": 5, "price": 1352.47}, {"product_id": "prod28", "name": "Laptop", "quantity": 2, "price": 1259.28}, {"product_id": "prod67", "name": "Camera", "quantity": 5, "price": 1111.5}, {"product_id": "prod9", "name": "Printer", "quantity": 7, "price": 839.71}]}, {"order_id": "order58", "customer": {"firstname": "William", "name": "Snyder"}, "products": [{"product_id": "prod69", "name": "Monitor", "quantity": 10, "price": 1794.95}, {"product_id": "prod81", "name": "Printer", "quantity": 3, "price": 1794.76}, {"product_id": "prod31", "name": "Mouse", "quantity": 10, "price": 1696.58}, {"product_id": "prod7", "name": "Headphones", "quantity": 6, "price": 166.83}]}, {"order_id": "order59", "customer": {"firstname": "Jessica", "name": "Hill"}, "products": [{"product_id": "prod1", "name": "Tablet", "quantity": 3, "price": 30.73}, {"product_id": "prod81", "name": "Headphones", "quantity": 10, "price": 1863.68}]}, {"order_id": "order60", "customer": {"firstname": "Lisa", "name": "Cardenas"}, "products": [{"product_id": "prod67", "name": "Headphones", "quantity": 8, "price": 276.48}, {"product_id": "prod78", "name": "Camera", "quantity": 9, "price": 936.9}]}, {"order_id": "order61", "customer": {"firstname": "Michael", "name": "Perez"}, "products": [{"product_id": "prod68", "name": "Mouse", "quantity": 4, "price": 1601.91}, {"product_id": "prod96", "name": "Tablet", "quantity": 5, "price": 348.57}, {"product_id": "prod33", "name": "Printer", "quantity": 2, "price": 1300.41}]}, {"order_id": "order62", "customer": {"firstname": "April", "name": "Fisher"}, "products": [{"product_id": "prod90", "name": "Camera", "quantity": 4, "price": 1229.47}, {"product_id": "prod45", "name": "Keyboard", "quantity": 7, "price": 815.21}, {"product_id": "prod98", "name": "Headphones", "quantity": 10, "price": 1842.06}, {"product_id": "prod4", "name": "Keyboard", "quantity": 10, "price": 29.19}, {"product_id": "prod43", "name": "Smartphone", "quantity": 5, "price": 244.69}, {"product_id": "prod8", "name": "Smartphone", "quantity": 8, "price": 1175.87}]}, {"order_id": "order63", "customer": {"firstname": "Jennifer", "name": "Stevens"}, "products": [{"product_id": "prod79", "name": "Tablet", "quantity": 7, "price": 1580.74}]}, {"order_id": "order64", "customer": {"firstname": "Thomas", "name": "King"}, "products": [{"product_id": "prod82", "name": "Laptop", "quantity": 2, "price": 893.37}, {"product_id": "prod33", "name": "Smartphone", "quantity": 7, "price": 1108.71}, {"product_id": "prod80", "name": "Laptop", "quantity": 2, "price": 1420.76}, {"product_id": "prod71", "name": "Headphones", "quantity": 6, "price": 986.31}, {"product_id": "prod57", "name": "Printer", "quantity": 4, "price": 1375.89}, {"product_id": "prod19", "name": "Keyboard", "quantity": 4, "price": 1607.0}, {"product_id": "prod90", "name": "Smartwatch", "quantity": 3, "price": 1414.34}, {"product_id": "prod80", "name": "Monitor", "quantity": 7, "price": 870.4}]}, {"order_id": "order65", "customer": {"firstname": "Christopher", "name": "Herrera"}, "products": [{"product_id": "prod8", "name": "Laptop", "quantity": 6, "price": 1461.37}, {"product_id": "prod87", "name": "Mouse", "quantity": 2, "price": 1041.56}, {"product_id": "prod10", "name": "Mouse", "quantity": 10, "price": 295.92}, {"product_id": "prod60", "name": "Monitor", "quantity": 8, "price": 234.28}, {"product_id": "prod74", "name": "Smartwatch", "quantity": 3, "price": 883.0}, {"product_id": "prod71", "name": "Smartphone", "quantity": 9, "price": 1949.78}]}, {"order_id": "order66", "customer": {"firstname": "Nicholas", "name": "Branch"}, "products": [{"product_id": "prod40", "name": "Headphones", "quantity": 4, "price": 270.85}, {"product_id": "prod86", "name": "Smartwatch", "quantity": 3, "price": 1034.95}, {"product_id": "prod66", "name": "Camera", "quantity": 9, "price": 525.93}, {"product_id": "prod56", "name": "Mouse", "quantity": 6, "price": 1321.01}, {"product_id": "prod73", "name": "Smartphone", "quantity": 9, "price": 124.84}]}, {"order_id": "order67", "customer": {"firstname": "Paul", "name": "Cole"}, "products": [{"product_id": "prod97", "name": "Headphones", "quantity": 4, "price": 346.41}, {"product_id": "prod80", "name": "Monitor", "quantity": 6, "price": 1078.19}, {"product_id": "prod2", "name": "Headphones", "quantity": 9, "price": 597.29}, {"product_id": "prod20", "name": "Smartwatch", "quantity": 9, "price": 1833.42}, {"product_id": "prod8", "name": "Camera", "quantity": 1, "price": 1167.11}]}, {"order_id": "order68", "customer": {"firstname": "Billy", "name": "Riley"}, "products": [{"product_id": "prod39", "name": "Keyboard", "quantity": 1, "price": 327.8}, {"product_id": "prod28", "name": "Smartwatch", "quantity": 8, "price": 1321.8}, {"product_id": "prod89", "name": "Monitor", "quantity": 8, "price": 1710.46}, {"product_id": "prod83", "name": "Smartphone", "quantity": 9, "price": 1410.17}]}, {"order_id": "order69", "customer": {"firstname": "Jason", "name": "Simpson"}, "products": [{"product_id": "prod77", "name": "Printer", "quantity": 10, "price": 1153.17}]}, {"order_id": "order70", "customer": {"firstname": "David", "name": "Allen"}, "products": [{"product_id": "prod65", "name": "Mouse", "quantity": 7, "price": 1923.6}, {"product_id": "prod13", "name": "Keyboard", "quantity": 2, "price": 1334.93}, {"product_id": "prod93", "name": "Keyboard", "quantity": 3, "price": 1427.28}]}, {"order_id": "order71", "customer": {"firstname": "Katrina", "name": "Williams"}, "products": [{"product_id": "prod23", "name": "Printer", "quantity": 4, "price": 308.07}, {"product_id": "prod97", "name": "Monitor", "quantity": 6, "price": 1687.45}, {"product_id": "prod4", "name": "Smartphone", "quantity": 2, "price": 810.08}, {"product_id": "prod18", "name": "Camera", "quantity": 7, "price": 1768.02}, {"product_id": "prod20", "name": "Monitor", "quantity": 4, "price": 22.9}]}, {"order_id": "order72", "customer": {"firstname": "Linda", "name": "Gibson"}, "products": [{"product_id": "prod51", "name": "Camera", "quantity": 8, "price": 849.42}]}, {"order_id": "order73", "customer": {"firstname": "Jesus", "name": "Thompson"}, "products": [{"product_id": "prod82", "name": "Keyboard", "quantity": 4, "price": 1002.6}, {"product_id": "prod80", "name": "Tablet", "quantity": 5, "price": 41.98}, {"product_id": "prod58", "name": "Printer", "quantity": 4, "price": 229.21}, {"product_id": "prod94", "name": "Keyboard", "quantity": 6, "price": 1391.84}, {"product_id": "prod26", "name": "Smartwatch", "quantity": 4, "price": 426.06}, {"product_id": "prod42", "name": "Keyboard", "quantity": 10, "price": 239.03}, {"product_id": "prod38", "name": "Smartwatch", "quantity": 10, "price": 417.6}]}, {"order_id": "order74", "customer": {"firstname": "Brittany", "name": "Wright"}, "products": [{"product_id": "prod3", "name": "Headphones", "quantity": 5, "price": 1744.22}, {"product_id": "prod75", "name": "Camera", "quantity": 7, "price": 699.3}, {"product_id": "prod98", "name": "Smartphone", "quantity": 8, "price": 586.14}, {"product_id": "prod1", "name": "Smartphone", "quantity": 9, "price": 838.73}, {"product_id": "prod36", "name": "Printer", "quantity": 1, "price": 943.68}, {"product_id": "prod51", "name": "Laptop", "quantity": 8, "price": 418.23}]}, {"order_id": "order75", "customer": {"firstname": "Michael", "name": "Rowe"}, "products": [{"product_id": "prod3", "name": "Tablet", "quantity": 5, "price": 94.89}, {"product_id": "prod92", "name": "Mouse", "quantity": 10, "price": 1898.87}, {"product_id": "prod49", "name": "Keyboard", "quantity": 8, "price": 1902.38}, {"product_id": "prod26", "name": "Tablet", "quantity": 10, "price": 1973.17}, {"product_id": "prod67", "name": "Mouse", "quantity": 9, "price": 943.53}, {"product_id": "prod20", "name": "Keyboard", "quantity": 8, "price": 360.39}]}, {"order_id": "order76", "customer": {"firstname": "Andrew", "name": "Wilson"}, "products": [{"product_id": "prod14", "name": "Tablet", "quantity": 6, "price": 1234.03}, {"product_id": "prod37", "name": "Headphones", "quantity": 8, "price": 1863.99}, {"product_id": "prod4", "name": "Tablet", "quantity": 4, "price": 126.88}, {"product_id": "prod37", "name": "Printer", "quantity": 10, "price": 1766.69}, {"product_id": "prod31", "name": "Camera", "quantity": 7, "price": 362.17}, {"product_id": "prod77", "name": "Headphones", "quantity": 7, "price": 967.33}]}, {"order_id": "order77", "customer": {"firstname": "Angela", "name": "Perez"}, "products": [{"product_id": "prod41", "name": "Tablet", "quantity": 2, "price": 1454.85}, {"product_id": "prod72", "name": "Smartwatch", "quantity": 5, "price": 1459.48}, {"product_id": "prod20", "name": "Laptop", "quantity": 7, "price": 1770.22}, {"product_id": "prod6", "name": "Smartphone", "quantity": 1, "price": 533.74}, {"product_id": "prod54", "name": "Headphones", "quantity": 8, "price": 1917.54}, {"product_id": "prod100", "name": "Keyboard", "quantity": 9, "price": 1340.72}, {"product_id": "prod10", "name": "Headphones", "quantity": 10, "price": 1289.05}, {"product_id": "prod22", "name": "Headphones", "quantity": 2, "price": 154.79}]}, {"order_id": "order78", "customer": {"firstname": "Samantha", "name": "Mckinney"}, "products": [{"product_id": "prod28", "name": "Smartwatch", "quantity": 9, "price": 394.92}]}, {"order_id": "order79", "customer": {"firstname": "Aaron", "name": "Cross"}, "products": [{"product_id": "prod43", "name": "Camera", "quantity": 4, "price": 1991.49}, {"product_id": "prod50", "name": "Smartwatch", "quantity": 2, "price": 1897.86}, {"product_id": "prod9", "name": "Camera", "quantity": 4, "price": 118.19}]}, {"order_id": "order80", "customer": {"firstname": "James", "name": "Hernandez"}, "products": [{"product_id": "prod94", "name": "Monitor", "quantity": 5, "price": 295.19}]}, {"order_id": "order81", "customer": {"firstname": "Victoria", "name": "Wood"}, "products": [{"product_id": "prod52", "name": "Laptop", "quantity": 3, "price": 1983.98}]}, {"order_id": "order82", "customer": {"firstname": "Angela", "name": "Johnson"}, "products": [{"product_id": "prod14", "name": "Camera", "quantity": 3, "price": 1112.28}, {"product_id": "prod91", "name": "Smartphone", "quantity": 7, "price": 709.65}, {"product_id": "prod99", "name": "Smartwatch", "quantity": 1, "price": 711.86}, {"product_id": "prod68", "name": "Headphones", "quantity": 9, "price": 304.54}, {"product_id": "prod19", "name": "Headphones", "quantity": 9, "price": 1413.26}, {"product_id": "prod85", "name": "Laptop", "quantity": 8, "price": 1096.2}, {"product_id": "prod48", "name": "Headphones", "quantity": 8, "price": 1585.81}, {"product_id": "prod23", "name": "Keyboard", "quantity": 2, "price": 1605.06}]}, {"order_id": "order83", "customer": {"firstname": "Nicolas", "name": "Chung"}, "products": [{"product_id": "prod81", "name": "Camera", "quantity": 3, "price": 1191.99}, {"product_id": "prod78", "name": "Tablet", "quantity": 4, "price": 1261.28}, {"product_id": "prod35", "name": "Printer", "quantity": 9, "price": 266.38}, {"product_id": "prod6", "name": "Smartwatch", "quantity": 6, "price": 1513.38}, {"product_id": "prod39", "name": "Mouse", "quantity": 9, "price": 1424.82}, {"product_id": "prod69", "name": "Monitor", "quantity": 1, "price": 496.9}, {"product_id": "prod45", "name": "Keyboard", "quantity": 4, "price": 765.76}, {"product_id": "prod34", "name": "Camera", "quantity": 7, "price": 257.46}, {"product_id": "prod45", "name": "Headphones", "quantity": 9, "price": 1356.11}, {"product_id": "prod53", "name": "Camera", "quantity": 7, "price": 438.52}]}, {"order_id": "order84", "customer": {"firstname": "Jessica", "name": "Jordan"}, "products": [{"product_id": "prod38", "name": "Smartwatch", "quantity": 2, "price": 1655.38}]}, {"order_id": "order85", "customer": {"firstname": "Matthew", "name": "Chapman"}, "products": [{"product_id": "prod85", "name": "Mouse", "quantity": 8, "price": 1877.6}, {"product_id": "prod65", "name": "Monitor", "quantity": 1, "price": 1187.64}, {"product_id": "prod56", "name": "Monitor", "quantity": 8, "price": 1119.25}, {"product_id": "prod44", "name": "Smartphone", "quantity": 4, "price": 279.64}, {"product_id": "prod10", "name": "Laptop", "quantity": 6, "price": 1319.93}, {"product_id": "prod54", "name": "Smartphone", "quantity": 3, "price": 456.11}, {"product_id": "prod13", "name": "Smartwatch", "quantity": 1, "price": 642.13}, {"product_id": "prod86", "name": "Laptop", "quantity": 3, "price": 620.53}]}, {"order_id": "order86", "customer": {"firstname": "Jessica", "name": "Estrada"}, "products": [{"product_id": "prod29", "name": "Tablet", "quantity": 6, "price": 1381.56}, {"product_id": "prod80", "name": "Tablet", "quantity": 6, "price": 743.98}, {"product_id": "prod4", "name": "Smartphone", "quantity": 5, "price": 1358.66}, {"product_id": "prod24", "name": "Monitor", "quantity": 5, "price": 521.68}, {"product_id": "prod5", "name": "Camera", "quantity": 8, "price": 152.25}, {"product_id": "prod65", "name": "Camera", "quantity": 5, "price": 256.63}, {"product_id": "prod93", "name": "Tablet", "quantity": 2, "price": 851.17}, {"product_id": "prod14", "name": "Headphones", "quantity": 8, "price": 1420.74}]}, {"order_id": "order87", "customer": {"firstname": "Annette", "name": "Cherry"}, "products": [{"product_id": "prod87", "name": "Monitor", "quantity": 5, "price": 1286.61}, {"product_id": "prod81", "name": "Laptop", "quantity": 3, "price": 1254.83}, {"product_id": "prod6", "name": "Monitor", "quantity": 6, "price": 1427.18}]}, {"order_id": "order88", "customer": {"firstname": "Ann", "name": "Jackson"}, "products": [{"product_id": "prod78", "name": "Keyboard", "quantity": 9, "price": 690.4}, {"product_id": "prod36", "name": "Tablet", "quantity": 3, "price": 1974.7}, {"product_id": "prod10", "name": "Laptop", "quantity": 8, "price": 813.82}]}, {"order_id": "order89", "customer": {"firstname": "Jonathan", "name": "Ward"}, "products": [{"product_id": "prod78", "name": "Monitor", "quantity": 8, "price": 1465.54}, {"product_id": "prod36", "name": "Smartwatch", "quantity": 3, "price": 1851.3}, {"product_id": "prod34", "name": "Monitor", "quantity": 10, "price": 1365.64}]}, {"order_id": "order90", "customer": {"firstname": "William", "name": "Kelley"}, "products": [{"product_id": "prod67", "name": "Headphones", "quantity": 8, "price": 1061.69}, {"product_id": "prod74", "name": "Tablet", "quantity": 3, "price": 1001.19}, {"product_id": "prod55", "name": "Smartwatch", "quantity": 5, "price": 403.21}, {"product_id": "prod52", "name": "Monitor", "quantity": 3, "price": 1248.09}, {"product_id": "prod4", "name": "Smartphone", "quantity": 8, "price": 396.45}, {"product_id": "prod29", "name": "Tablet", "quantity": 10, "price": 1288.53}, {"product_id": "prod1", "name": "Mouse", "quantity": 5, "price": 591.77}, {"product_id": "prod53", "name": "Printer", "quantity": 1, "price": 490.18}, {"product_id": "prod28", "name": "Headphones", "quantity": 2, "price": 1340.37}, {"product_id": "prod48", "name": "Smartwatch", "quantity": 6, "price": 1786.6}]}, {"order_id": "order91", "customer": {"firstname": "Alan", "name": "Davidson"}, "products": [{"product_id": "prod7", "name": "Camera", "quantity": 3, "price": 505.76}, {"product_id": "prod57", "name": "Monitor", "quantity": 10, "price": 430.99}, {"product_id": "prod8", "name": "Smartphone", "quantity": 4, "price": 748.04}]}, {"order_id": "order92", "customer": {"firstname": "Erika", "name": "Bailey"}, "products": [{"product_id": "prod72", "name": "Keyboard", "quantity": 1, "price": 99.84}, {"product_id": "prod17", "name": "Printer", "quantity": 1, "price": 65.13}, {"product_id": "prod38", "name": "Mouse", "quantity": 1, "price": 49.3}, {"product_id": "prod1", "name": "Smartphone", "quantity": 5, "price": 122.79}, {"product_id": "prod8", "name": "Camera", "quantity": 5, "price": 992.84}, {"product_id": "prod89", "name": "Mouse", "quantity": 9, "price": 553.5}, {"product_id": "prod42", "name": "Printer", "quantity": 7, "price": 173.97}, {"product_id": "prod50", "name": "Laptop", "quantity": 3, "price": 1729.09}, {"product_id": "prod26", "name": "Printer", "quantity": 8, "price": 158.82}]}, {"order_id": "order93", "customer": {"firstname": "Charles", "name": "Williams"}, "products": [{"product_id": "prod59", "name": "Camera", "quantity": 9, "price": 429.37}, {"product_id": "prod72", "name": "Keyboard", "quantity": 10, "price": 48.7}, {"product_id": "prod9", "name": "Keyboard", "quantity": 10, "price": 1922.2}, {"product_id": "prod76", "name": "Printer", "quantity": 2, "price": 1391.26}, {"product_id": "prod9", "name": "Laptop", "quantity": 10, "price": 597.21}, {"product_id": "prod11", "name": "Keyboard", "quantity": 1, "price": 507.86}, {"product_id": "prod79", "name": "Laptop", "quantity": 9, "price": 631.6}, {"product_id": "prod91", "name": "Laptop", "quantity": 2, "price": 589.12}, {"product_id": "prod31", "name": "Printer", "quantity": 10, "price": 328.26}, {"product_id": "prod65", "name": "Printer", "quantity": 6, "price": 236.66}]}, {"order_id": "order94", "customer": {"firstname": "Kristina", "name": "Golden"}, "products": [{"product_id": "prod90", "name": "Keyboard", "quantity": 3, "price": 1066.22}, {"product_id": "prod30", "name": "Tablet", "quantity": 2, "price": 1783.44}, {"product_id": "prod4", "name": "Smartwatch", "quantity": 2, "price": 1501.86}, {"product_id": "prod26", "name": "Laptop", "quantity": 10, "price": 676.5}, {"product_id": "prod63", "name": "Printer", "quantity": 5, "price": 1047.85}, {"product_id": "prod73", "name": "Laptop", "quantity": 8, "price": 1592.34}, {"product_id": "prod17", "name": "Keyboard", "quantity": 1, "price": 608.11}, {"product_id": "prod33", "name": "Printer", "quantity": 7, "price": 579.63}, {"product_id": "prod72", "name": "Tablet", "quantity": 3, "price": 597.83}, {"product_id": "prod32", "name": "Smartphone", "quantity": 9, "price": 1441.26}]}, {"order_id": "order95", "customer": {"firstname": "Sarah", "name": "Kim"}, "products": [{"product_id": "prod57", "name": "Monitor", "quantity": 1, "price": 736.75}, {"product_id": "prod52", "name": "Laptop", "quantity": 7, "price": 839.27}, {"product_id": "prod19", "name": "Mouse", "quantity": 10, "price": 860.88}, {"product_id": "prod8", "name": "Camera", "quantity": 7, "price": 1507.3}]}, {"order_id": "order96", "customer": {"firstname": "Daniel", "name": "Jones"}, "products": [{"product_id": "prod53", "name": "Keyboard", "quantity": 8, "price": 630.94}, {"product_id": "prod55", "name": "Monitor", "quantity": 1, "price": 248.85}, {"product_id": "prod66", "name": "Camera", "quantity": 9, "price": 1063.29}, {"product_id": "prod75", "name": "Camera", "quantity": 8, "price": 928.83}, {"product_id": "prod84", "name": "Headphones", "quantity": 3, "price": 458.21}, {"product_id": "prod55", "name": "Smartphone", "quantity": 4, "price": 533.82}, {"product_id": "prod41", "name": "Camera", "quantity": 8, "price": 1403.05}, {"product_id": "prod19", "name": "Printer", "quantity": 3, "price": 392.37}, {"product_id": "prod58", "name": "Camera", "quantity": 5, "price": 1781.97}]}, {"order_id": "order97", "customer": {"firstname": "Danielle", "name": "Forbes"}, "products": [{"product_id": "prod96", "name": "Printer", "quantity": 6, "price": 1115.63}, {"product_id": "prod21", "name": "Tablet", "quantity": 4, "price": 551.85}, {"product_id": "prod51", "name": "Printer", "quantity": 5, "price": 698.03}, {"product_id": "prod65", "name": "Camera", "quantity": 8, "price": 1876.2}, {"product_id": "prod100", "name": "Smartphone", "quantity": 7, "price": 1913.6}]}, {"order_id": "order98", "customer": {"firstname": "Valerie", "name": "Smith"}, "products": [{"product_id": "prod20", "name": "Camera", "quantity": 5, "price": 1177.9}, {"product_id": "prod1", "name": "Laptop", "quantity": 1, "price": 1437.93}, {"product_id": "prod94", "name": "Mouse", "quantity": 7, "price": 1529.98}, {"product_id": "prod86", "name": "Smartwatch", "quantity": 9, "price": 758.37}, {"product_id": "prod57", "name": "Monitor", "quantity": 7, "price": 946.18}, {"product_id": "prod69", "name": "Laptop", "quantity": 4, "price": 1693.7}, {"product_id": "prod93", "name": "Mouse", "quantity": 10, "price": 275.25}, {"product_id": "prod24", "name": "Headphones", "quantity": 1, "price": 467.18}]}, {"order_id": "order99", "customer": {"firstname": "Tiffany", "name": "Hall"}, "products": [{"product_id": "prod28", "name": "Camera", "quantity": 9, "price": 730.58}]}, {"order_id": "order100", "customer": {"firstname": "Brian", "name": "Bass"}, "products": [{"product_id": "prod22", "name": "Monitor", "quantity": 4, "price": 1136.1}, {"product_id": "prod9", "name": "Tablet", "quantity": 9, "price": 1147.27}, {"product_id": "prod8", "name": "Printer", "quantity": 4, "price": 1162.56}, {"product_id": "prod1", "name": "Monitor", "quantity": 10, "price": 1968.06}]}]