[{"product":"Smartphone","quantity":7,"total_price":4911.9243425028},{"product":"Headphones","quantity":4,"total_price":753.3786756444},{"product":"Printer","quantity":8,"total_price":4701.4917254999},{"product":"Keyboard","quantity":5,"total_price":5099.0990818112},{"product":"Headphones","quantity":7,"total_price":7109.1119196676},{"product":"Printer","quantity":10,"total_price":9073.817921762},{"product":"Camera","quantity":3,"total_price":1345.0397995068},{"product":"Mouse","quantity":7,"total_price":6046.6207723542},{"product":"Laptop","quantity":8,"total_price":4841.951747144},{"product":"Smartphone","quantity":5,"total_price":7294.912691571},{"product":"Laptop","quantity":4,"total_price":5123.7001807433},{"product":"Monitor","quantity":8,"total_price":8772.0624455125},{"product":"Monitor","quantity":8,"total_price":3137.4250690879},{"product":"Headphones","quantity":3,"total_price":1263.8972040118},{"product":"Camera","quantity":6,"total_price":651.7722289844},{"product":"Camera","quantity":5,"total_price":5402.305950222},{"product":"Keyboard","quantity":2,"total_price":421.5833803543},{"product":"Keyboard","quantity":8,"total_price":5496.3034216429},{"product":"Keyboard","quantity":6,"total_price":2054.9570603179},{"product":"Mouse","quantity":2,"total_price":2697.7144274532},{"product":"Smartwatch","quantity":5,"total_price":3696.4341180703},{"product":"Tablet","quantity":1,"total_price":866.7495793658},{"product":"Smartwatch","quantity":10,"total_price":10584.9832531788},{"product":"Laptop","quantity":6,"total_price":1512.1836533311},{"product":"Smartwatch","quantity":9,"total_price":8337.6467995755},{"product":"Mouse","quantity":1,"total_price":832.7695823874},{"product":"Laptop","quantity":10,"total_price":3444.3877586542},{"product":"Smartwatch","quantity":3,"total_price":4251.4130319272},{"product":"Mouse","quantity":7,"total_price":6428.4844848586},{"product":"Tablet","quantity":4,"total_price":4229.7526116303},{"product":"Smartwatch","quantity":9,"total_price":11940.1052991491},{"product":"Mouse","quantity":3,"total_price":2865.940109382},{"product":"Keyboard","quantity":5,"total_price":2393.3442223234},{"product":"Camera","quantity":3,"total_price":608.9000302617},{"product":"Keyboard","quantity":7,"total_price":4983.8258904015},{"product":"Camera","quantity":5,"total_price":1833.693169822},{"product":"Smartphone","quantity":9,"total_price":5885.4548197083},{"product":"Smartphone","quantity":7,"total_price":9315.2946280265},{"product":"Smartphone","quantity":2,"total_price":1040.6005609153},{"product":"Tablet","quantity":4,"total_price":908.1101372639},{"product":"Keyboard","quantity":9,"total_price":5099.6867869045},{"product":"Camera","quantity":2,"total_price":2729.8024804827},{"product":"Mouse","quantity":10,"total_price":4445.9176160772},{"product":"Laptop","quantity":9,"total_price":8902.3560730648},{"product":"Mouse","quantity":10,"total_price":507.5454664321},{"product":"Laptop","quantity":5,"total_price":2806.1242084227},{"product":"Monitor","quantity":2,"total_price":983.8656486583},{"product":"Mouse","quantity":4,"total_price":1155.0039482291},{"product":"Smartwatch","quantity":7,"total_price":5771.0076066607},{"product":"Smartwatch","quantity":8,"total_price":6024.0276677642},{"product":"Headphones","quantity":3,"total_price":3162.0967430727},{"product":"Keyboard","quantity":1,"total_price":440.6478840079},{"product":"Laptop","quantity":4,"total_price":1615.9280290371},{"product":"Laptop","quantity":2,"total_price":588.0440223015},{"product":"Keyboard","quantity":8,"total_price":2937.6649470476},{"product":"Tablet","quantity":4,"total_price":3436.9916117006},{"product":"Headphones","quantity":2,"total_price":1271.1248960683},{"product":"Tablet","quantity":6,"total_price":864.5625498481},{"product":"Tablet","quantity":6,"total_price":2509.0641012288},{"product":"Tablet","quantity":10,"total_price":4079.7029111597},{"product":"Keyboard","quantity":4,"total_price":4238.5647824708},{"product":"Tablet","quantity":6,"total_price":6496.7541323426},{"product":"Smartwatch","quantity":2,"total_price":529.4520968649},{"product":"Smartphone","quantity":10,"total_price":14967.2370332097},{"product":"Monitor","quantity":2,"total_price":873.6649413983},{"product":"Laptop","quantity":10,"total_price":14660.9168595735},{"product":"Laptop","quantity":4,"total_price":2584.0146772457},{"product":"Monitor","quantity":8,"total_price":783.3885016464},{"product":"Keyboard","quantity":7,"total_price":3852.4731674708},{"product":"Mouse","quantity":9,"total_price":8728.2850483528},{"product":"Keyboard","quantity":8,"total_price":8296.1832380353},{"product":"Laptop","quantity":5,"total_price":4099.2757290492},{"product":"Laptop","quantity":2,"total_price":1398.571177262},{"product":"Monitor","quantity":5,"total_price":4258.4748957671},{"product":"Tablet","quantity":8,"total_price":7275.281997001},{"product":"Keyboard","quantity":10,"total_price":1672.3732318244},{"product":"Camera","quantity":9,"total_price":5273.9906516013},{"product":"Monitor","quantity":9,"total_price":3610.1871945204},{"product":"Smartwatch","quantity":1,"total_price":1214.5526467508},{"product":"Laptop","quantity":9,"total_price":6587.4232795208},{"product":"Monitor","quantity":7,"total_price":10331.7448800827},{"product":"Keyboard","quantity":9,"total_price":5654.6589739014},{"product":"Laptop","quantity":8,"total_price":9870.6097293449},{"product":"Mouse","quantity":1,"total_price":1207.6004312276},{"product":"Monitor","quantity":8,"total_price":2148.323509999},{"product":"Headphones","quantity":8,"total_price":6295.1058101923},{"product":"Laptop","quantity":3,"total_price":3176.7857095403},{"product":"Keyboard","quantity":1,"total_price":1294.6202669799},{"product":"Smartphone","quantity":8,"total_price":4181.1233003419},{"product":"Camera","quantity":3,"total_price":1108.0485569101},{"product":"Printer","quantity":3,"total_price":3243.5004661054},{"product":"Tablet","quantity":1,"total_price":1223.7765169026},{"product":"Printer","quantity":5,"total_price":2777.828407865},{"product":"Keyboard","quantity":10,"total_price":1894.5599908256},{"product":"Smartwatch","quantity":7,"total_price":9896.3111345695},{"product":"Smartwatch","quantity":10,"total_price":6264.7943057691},{"product":"Smartphone","quantity":9,"total_price":7206.6551243836},{"product":"Tablet","quantity":7,"total_price":8852.7575749594},{"product":"Headphones","quantity":9,"total_price":9267.7560273626},{"product":"Smartphone","quantity":8,"total_price":8928.506983193}]