date,quantity,unit_price,shipment_price,total_price,status,quarter,month,year,category,product,customer,city,state,postal_code,country,region,dealsize
2003-10-14 02:40:00,30.0,95.7,0.0,2871.0,Shipped,1,10,2003,Motorcycles,S10_1678,Land of Toys Inc.,NYC,NY,10022,USA,NA,s
2003-05-21 21:50:00,34.0,81.35,0.0,2765.9,Shipped,2,5,2003,Motorcycles,S10_1678,Reims Collectables,Reims,,51100,France,EMEA,small
05/14/2003 18:10:00,41.0,94.74,0.0,3884.34,Shipped,3,5,2003,,S10_1678,Lyon Souveniers,Paris,,75508,France,EMEA,M
20/09/2003 03:35:00,45.0,83.26,0.0,3746.7,Shipped,3,9,2003,Motorcycles,S10_1678,Toys4GrownUps.com,Pasadena,CA,90003,USA,NA,MedIUm
2003-08-13 05:45:00,,100.0,305.27,5205.27,Shipped,4,8,2003,Motorcycles,S10_1678,Corporate Gift Ideas Co.,San Francisco,CA,,USA,NA,MedIUm
2003-02-23 15:30:00,36.0,96.66,0.0,3479.76,Shipped,4,2,2003,Motorcycles,S10_1678,Technics Stores Inc.,Burlingame,CA,94217,USA,NA,M
2003-04-07 22:05:00,29.0,86.13,0.0,2497.77,Shipped,4,4,2003,Motorcycles,S10_1678,Daedalus Designs Imports,Lille,,59000,France,EMEA,S
2003-02-20 01:40:00,48.0,100.0,712.32,5512.32,Shipped,4,2,2003,Motorcycles,S10_1678,Herkku Gifts,Bergen,,N 5804,Norway,EMEA,MedIUm
2003-07-28 20:40:00,22.0,98.57,0.0,2168.54,Shipped,4,7,2003,Motorcycles,S10_1678,Mini Wheels Co.,San Francisco,CA,,USA,NA,SmAll
2004-05-17 01:00:00,,100.0,608.44,4708.44,Shipped,1,5,2004,Motorcycles,S10_1678,Auto Canal Petit,Paris,,75016,France,EMEA,M
2004-09-28 15:30:00,37.0,100.0,265.66,3965.66,Shipped,1,9,2004,Motorcycles,S10_1678,"Australian Collectors, Co.",Melbourne,Victoria,3004,Australia,APAC,MedIUm
2004-11-04 18:00:00,23.0,100.0,33.12,2333.12,Shipped,2,11,2004,Motorcycles,S10_1678,Vitachrome Inc.,NYC,NY,10022,USA,NA,s
2004-11-12 21:00:00,28.0,100.0,388.64,3188.64,Shipped,2,11,2004,Motorcycles,S10_1678,Tekni Collectables Inc.,Newark,NJ,94019,USA,NA,m
2004-04-10 11:30:00,34.0,100.0,276.76,3676.76,Shipped,2,4,2004,Motorcycles,S10_1678,Gift Depot Inc.,Bridgewater,CT,97562,USA,NA,M
11/15/2004 07:30:00,45.0,92.83,0.0,4177.35,Shipped,3,11,2004,,S10_1678,La Rochelle Gifts,Nantes,,44000,France,EMEA,medium
05/05/2004 03:00:00,36.0,100.0,499.68,4099.68,Shipped,3,5,2004,Motorcycles,S10_1678,Marta's Replicas Co.,Cambridge,MA,51247,USA,,Delta
2004-03-26 14:00:00,23.0,100.0,297.39,2597.39,Shipped,3,3,2004,Motorcycles,S10_1678,"Toys of Finland, Co.",Helsinki,,21240,Finland,EMEA,S
2004-01-18 01:30:00,41.0,100.0,294.38,4394.38,Shipped,4,1,2004,Motorcycles,S10_1678,Baane Mini Imports,Stavern,,4110,Norway,EMEA,medium
29/06/2004 09:00:00,46.0,94.74,0.0,4358.04,Shipped,4,6,2004,Motorcycles,S10_1678,Diecast Classics Inc.,Allentown,PA,70267,USA,NA,medium
2004-05-13 19:00:00,42.0,100.0,196.14,4396.14,Shipped,4,5,2004,,S10_1678,Land of Toys Inc.,NYC,NY,10022,USA,NA,medium
2004-11-10 17:00:00,41.0,100.0,3637.93,7737.93,Shipped,4,11,2004,Motorcycles,S10_1678,Salzburg Collectables,Salzburg,,5020,Austria,EMEA,L
21/01/2004 07:30:00,20.0,72.55,0.0,1451.0,Shipped,4,1,2004,Motorcycles,S10_1678,Souveniers And Things Co.,Chatswood,NSW,2067,Australia,APAC,SmAll
09/27/2005 04:30:00,21.0,34.91,0.0,733.11,Shipped,1,9,2005,Motorcycles,S10_1678,La Rochelle Gifts,Nantes,,44000,France,EMEA,s
08/09/2005 22:30:00,42.0,76.36,0.0,3207.12,Shipped,1,9,2005,Motorcycles,S10_1678,FunGiftIdeas.com,New Bedford,MA,50553,USA,NA,MedIUm
2005-08-04 23:00:00,24.0,100.0,34.56,2434.56,Shipped,2,8,2005,Motorcycles,S10_1678,"UK Collectables, Ltd.",Liverpool,,WX1 6LT,UK,EMEA,s
2005-07-12 09:15:00,66.0,100.0,916.08,7516.08,Disputed,2,7,2005,Motorcycles,S10_1678,Euro Shopping Channel,Madrid,,28034,Spain,EMEA,lARgE
2003-04-10 01:35:00,26.0,100.0,2804.62,5404.62,Shipped,1,4,2003,,S10_1949,Baane Mini Imports,Stavern,,4110,Norway,EMEA,m
20/05/2003 20:05:00,29.0,100.0,4309.11,7209.11,Shipped,1,5,2003,Classic Cars,S10_1949,"Volvo Model Replicas, Co",Lule,,S-958 22,Sweden,EMEA,large
2003-03-13 04:05:00,38.0,100.0,3529.06,7329.06,Shipped,2,3,2003,Classic Cars,S10_1949,"Corrida Auto Replicas, Ltd",Madrid,,28023,Spain,EMEA,l
2003-04-08 06:40:00,37.0,100.0,3674.1,7374.1,Shipped,3,4,2003,Classic Cars,S10_1949,Technics Stores Inc.,Burlingame,CA,94217,USA,NA,L
2003-03-21 00:55:00,45.0,100.0,6493.5,10993.5,Shipped,3,3,2003,Classic Cars,S10_1949,"Dragon Souveniers, Ltd.",Singapore,,79903,Singapore,,lARgE
2003-07-23 11:55:00,21.0,100.0,2760.24,4860.24,Shipped,4,7,2003,Classic Cars,S10_1949,Classic Legends Inc.,NYC,NY,10022,USA,NA,medium
2003-04-06 11:45:00,34.0,100.0,4614.82,8014.82,Shipped,4,4,2003,Classic Cars,S10_1949,"Australian Gift Network, Co",South Brisbane,Queensland,4101,Australia,APAC,L
2003-08-26 11:20:00,,100.0,3072.57,5372.57,Shipped,4,8,2003,Classic Cars,S10_1949,"Classic Gift Ideas, Inc",Philadelphia,PA,71270,USA,NA,m
2003-05-09 00:50:00,42.0,100.0,3090.36,7290.36,Shipped,4,5,2003,Classic Cars,S10_1949,"Saveley & Henriot, Co.",Lyon,,69004,France,EMEA,Omega
2003-07-24 13:40:00,47.0,100.0,4364.89,9064.89,Shipped,4,7,2003,Classic Cars,S10_1949,Canadian Gift Exchange Network,Vancouver,BC,V3F 2K1,Canada,NA,L
2004-02-23 21:30:00,35.0,100.0,2575.3,6075.3,Shipped,1,2,2004,Classic Cars,S10_1949,West Coast Collectables Co.,Burbank,CA,94019,USA,NA,M
2004-04-30 12:30:00,29.0,100.0,3563.23,6463.23,Shipped,1,4,2004,,S10_1949,Cambridge Collectables Co.,Cambridge,MA,51247,USA,NA,m
2004-07-14 19:30:00,34.0,100.0,2720.34,6120.34,Shipped,2,7,2004,Classic Cars,S10_1949,Super Scale Inc.,New Haven,CT,97823,USA,NA,M
2004-03-09 06:00:00,32.0,100.0,4480.64,7680.64,Shipped,2,3,2004,Classic Cars,S10_1949,"Tokyo Collectables, Ltd",Minato-ku,Tokyo,106-0032,Japan,Japan,l
2004-07-22 03:00:00,21.0,100.0,2805.39,4905.39,Shipped,3,7,2004,,S10_1949,Souveniers And Things Co.,Chatswood,NSW,2067,Australia,APAC,medium
2004-05-27 14:30:00,34.0,100.0,4614.82,8014.82,Shipped,3,5,2004,Classic Cars,S10_1949,Amica Models & Co.,Torino,,10100,Italy,EMEA,L
2004-06-20 23:30:00,37.0,100.0,3436.19,7136.19,Shipped,3,6,2004,Classic Cars,S10_1949,Scandinavian Gift Ideas,Boras,,S-844 67,Sweden,EMEA,large
2004-05-12 23:30:00,47.0,100.0,5472.7,10172.7,Shipped,4,5,2004,Classic Cars,S10_1949,Auto Assoc. & Cie.,Versailles,,78000,France,EMEA,L
2004-11-27 12:00:00,48.0,100.0,6823.7,11623.7,Shipped,4,11,2004,Classic Cars,S10_1949,Mini Gifts Distributors Ltd.,San Rafael,CA,97562,USA,NA,L
2004-09-07 12:30:00,40.0,100.0,2000.4,6000.4,Shipped,4,9,2004,Classic Cars,S10_1949,Online Diecast Creations Co.,Nashua,NH,62005,USA,NA,MedIUm
2004-10-15 10:30:00,26.0,100.0,403.0,3003.0,Shipped,4,10,2004,Classic Cars,S10_1949,Mini Wheels Co.,San Francisco,CA,,USA,NA,m
27/06/2004 05:00:00,30.0,100.0,944.7,3944.7,Shipped,4,6,2004,Classic Cars,S10_1949,"Australian Collectors, Co.",Melbourne,Victoria,3004,Australia,APAC,medium
2004-06-07 17:00:00,32.0,100.0,2491.84,5691.84,Shipped,4,6,2004,Classic Cars,S10_1949,Mini Gifts Distributors Ltd.,San Rafael,CA,97562,USA,NA,M
09/13/2005 12:00:00,41.0,100.0,414.92,4514.92,Shipped,1,9,2005,,S10_1949,Collectables For Less Inc.,Brickhaven,MA,58339,USA,NA,m
2005-03-10 10:30:00,36.0,100.0,4654.8,8254.8,Shipped,1,3,2005,Classic Cars,S10_1949,Corporate Gift Ideas Co.,San Francisco,CA,,USA,NA,lARgE
09/06/2005 15:45:00,24.0,100.0,16.56,2416.56,Shipped,1,9,2005,Classic Cars,S10_1949,"Anna's Decorations, Ltd",North Sydney,NSW,2060,Australia,APAC,small
2005-01-13 22:15:00,23.0,100.0,1840.23,4140.23,Shipped,2,1,2005,Classic Cars,S10_1949,Quebec Home Shopping Network,Montreal,Quebec,H1J 1C3,Canada,NA,m
2005-08-05 17:15:00,50.0,100.0,7001.0,12001.0,In Process,2,8,2005,Classic Cars,S10_1949,Euro Shopping Channel,Madrid,,28034,Spain,EMEA,large
17/02/2003 22:10:00,39.0,99.91,0.0,3896.49,Shipped,1,2,2003,Motorcycles,S10_2016,Land of Toys Inc.,NYC,NY,10022,USA,NA,MedIUm
09/20/2003 20:45:00,29.0,96.34,0.0,2793.86,Shipped,2,9,2003,Motorcycles,S10_2016,"Australian Collectors, Co.",Melbourne,Victoria,3004,Australia,,SmAll
19/11/2003 05:35:00,27.0,100.0,607.77,3307.77,Shipped,3,11,2003,,S10_2016,Lyon Souveniers,Paris,,75508,France,EMEA,medium
2003-09-27 15:50:00,37.0,100.0,1492.95,5192.95,Shipped,3,9,2003,Motorcycles,S10_2016,Toys4GrownUps.com,Pasadena,CA,90003,USA,NA,m
2003-09-02 06:25:00,37.0,100.0,1316.83,5016.83,Shipped,4,9,2003,Motorcycles,S10_2016,Corporate Gift Ideas Co.,San Francisco,CA,,USA,NA,M
05/28/2003 08:20:00,27.0,100.0,960.93,3660.93,Shipped,4,5,2003,Motorcycles,S10_2016,Technics Stores Inc.,Burlingame,CA,94217,USA,NA,Beta
2003-06-01 06:45:00,42.0,100.0,495.6,4695.6,Shipped,4,6,2003,Motorcycles,S10_2016,Daedalus Designs Imports,Lille,,59000,France,,m
2003-07-12 01:15:00,38.0,96.34,0.0,3660.92,Shipped,4,7,2003,Motorcycles,S10_2016,Herkku Gifts,Bergen,,N 5804,Norway,EMEA,m
2003-02-02 13:05:00,24.0,100.0,625.92,3025.92,Shipped,4,2,2003,Motorcycles,S10_2016,Mini Wheels Co.,San Francisco,CA,,USA,NA,M
2004-06-02 00:30:00,23.0,100.0,709.09,3009.09,Shipped,1,6,2004,Motorcycles,S10_2016,Osaka Souveniers Co.,Osaka,Osaka,530-0003,Japan,Japan,MedIUm
2004-09-21 08:00:00,47.0,100.0,722.39,5422.39,Shipped,1,9,2004,Motorcycles,S10_2016,"Australian Collectors, Co.",Melbourne,Victoria,3004,Australia,APAC,Omega
2004-03-26 07:30:00,22.0,100.0,652.08,2852.08,Shipped,2,3,2004,,S10_2016,Motor Mint Distributors Inc.,Philadelphia,PA,71270,USA,,s
2004-12-09 16:30:00,44.0,100.0,1356.52,5756.52,Shipped,2,12,2004,Motorcycles,S10_2016,Tekni Collectables Inc.,Newark,NJ,94019,USA,NA,m
10/23/2004 20:00:00,40.0,100.0,472.0,4472.0,Shipped,2,10,2004,Motorcycles,S10_2016,Gift Depot Inc.,Bridgewater,CT,97562,USA,,M
2004-04-24 13:30:00,22.0,100.0,704.44,2904.44,Shipped,3,4,2004,Motorcycles,S10_2016,La Rochelle Gifts,Nantes,,44000,France,,S
06/01/2004 23:00:00,47.0,100.0,1784.59,6484.59,Shipped,3,1,2004,Motorcycles,S10_2016,Marta's Replicas Co.,Cambridge,MA,51247,USA,NA,MedIUm
2004-05-08 09:00:00,,96.34,0.0,3757.26,Shipped,3,5,2004,Motorcycles,S10_2016,Atelier graphique,Nantes,,44000,France,EMEA,Beta
2004-06-14 18:00:00,34.0,100.0,643.96,4043.96,Shipped,4,6,2004,Motorcycles,S10_2016,Mini Classics,White Plains,NY,24067,USA,NA,Alpha
09/09/2004 03:30:00,45.0,100.0,1066.5,5566.5,Shipped,4,9,2004,Motorcycles,S10_2016,Diecast Classics Inc.,Allentown,PA,70267,USA,NA,m
2004-06-23 23:00:00,20.0,100.0,1176.0,3176.0,Shipped,4,6,2004,Motorcycles,S10_2016,Land of Toys Inc.,NYC,NY,10022,USA,NA,MedIUm
2004-06-10 16:30:00,40.0,68.92,0.0,2756.8,Shipped,4,6,2004,Motorcycles,S10_2016,"Tokyo Collectables, Ltd",Minato-ku,Tokyo,106-0032,Japan,Japan,small
03/24/2004 03:30:00,26.0,51.15,0.0,1329.9,Shipped,4,3,2004,Motorcycles,S10_2016,Souveniers And Things Co.,Chatswood,NSW,2067,Australia,APAC,S
03/29/2005 10:45:00,39.0,100.0,1388.01,5288.01,Shipped,1,3,2005,Motorcycles,S10_2016,"Australian Gift Network, Co",South Brisbane,Queensland,4101,Australia,,medium
2005-09-02 20:30:00,50.0,44.51,0.0,2225.5,Shipped,1,9,2005,Motorcycles,S10_2016,FunGiftIdeas.com,New Bedford,MA,50553,USA,NA,small
26/10/2005 02:00:00,,100.0,1333.8,5833.8,Shipped,2,10,2005,,S10_2016,Auto Canal Petit,Paris,,75016,France,EMEA,medium
02/09/2005 13:00:00,45.0,100.0,1387.35,5887.35,Disputed,2,2,2005,Motorcycles,S10_2016,Euro Shopping Channel,Madrid,,28034,Spain,EMEA,M
2003-08-05 08:55:00,27.0,100.0,3365.55,6065.55,Shipped,1,8,2003,Motorcycles,S10_4698,Land of Toys Inc.,NYC,NY,10022,USA,NA,medium
22/12/2003 03:15:00,46.0,100.0,4664.86,9264.86,Shipped,2,12,2003,Motorcycles,S10_4698,"Australian Collectors, Co.",Melbourne,Victoria,3004,Australia,APAC,large
02/06/2003 20:05:00,,100.0,3923.98,7023.98,Shipped,3,2,2003,,S10_4698,Lyon Souveniers,Paris,,75508,France,,Omega
02/28/2003 07:05:00,33.0,100.0,1876.38,5176.38,Shipped,3,2,2003,Motorcycles,S10_4698,Toys4GrownUps.com,Pasadena,CA,90003,USA,NA,m
2003-08-26 02:45:00,,100.0,1932.7,4132.7,Shipped,4,8,2003,Motorcycles,S10_4698,Corporate Gift Ideas Co.,San Francisco,CA,,USA,NA,medium
2003-08-04 07:10:00,20.0,100.0,2183.0,4183.0,Shipped,4,8,2003,Motorcycles,S10_4698,Technics Stores Inc.,Burlingame,CA,94217,USA,,M
2003-01-11 17:30:00,41.0,100.0,4792.9,8892.9,Shipped,4,1,2003,Motorcycles,S10_4698,Daedalus Designs Imports,Lille,,59000,France,,large
2003-12-10 16:35:00,,100.0,4214.7,8714.7,Shipped,4,12,2003,Motorcycles,S10_4698,Herkku Gifts,Bergen,,N 5804,Norway,EMEA,large
2003-05-07 23:05:00,49.0,100.0,3165.89,8065.89,Shipped,4,5,2003,Motorcycles,S10_4698,Mini Wheels Co.,San Francisco,CA,,USA,NA,l
2004-09-16 04:30:00,34.0,100.0,2723.4,6123.4,Shipped,1,9,2004,Motorcycles,S10_4698,Osaka Souveniers Co.,Osaka,Osaka,530-0003,Japan,Japan,medium
01/03/2004 10:30:00,49.0,100.0,4874.03,9774.03,Shipped,1,1,2004,Motorcycles,S10_4698,"Australian Collectors, Co.",Melbourne,Victoria,3004,Australia,,l
18/03/2004 17:30:00,39.0,100.0,3123.9,7023.9,Shipped,2,3,2004,Motorcycles,S10_4698,Vitachrome Inc.,NYC,NY,10022,USA,NA,large
2004-04-08 14:00:00,43.0,100.0,2778.23,7078.23,Shipped,2,4,2004,Motorcycles,S10_4698,Tekni Collectables Inc.,Newark,NJ,94019,USA,NA,l
2004-08-13 01:30:00,41.0,100.0,4236.94,8336.94,Shipped,2,8,2004,Motorcycles,S10_4698,Gift Depot Inc.,Bridgewater,CT,97562,USA,NA,large
2004-04-01 00:00:00,36.0,100.0,3301.92,6901.92,Shipped,3,4,2004,Motorcycles,S10_4698,La Rochelle Gifts,Nantes,,44000,France,EMEA,medium
2004-05-07 00:30:00,27.0,100.0,2738.07,5438.07,Shipped,3,5,2004,Motorcycles,S10_4698,Marta's Replicas Co.,Cambridge,MA,51247,USA,NA,m
2004-10-26 19:30:00,29.0,100.0,3783.34,6683.34,Shipped,3,10,2004,,S10_4698,"Toys of Finland, Co.",Helsinki,,21240,Finland,EMEA,Delta
2004-09-23 12:00:00,20.0,100.0,2570.4,4570.4,Shipped,4,9,2004,Motorcycles,S10_4698,Mini Classics,White Plains,NY,24067,USA,NA,medium
2004-10-08 16:00:00,37.0,100.0,3967.14,7667.14,Shipped,4,10,2004,Motorcycles,S10_4698,Diecast Classics Inc.,Allentown,PA,70267,USA,NA,large
2004-05-08 15:30:00,26.0,100.0,3268.2,5868.2,Shipped,4,5,2004,Motorcycles,S10_4698,Land of Toys Inc.,NYC,NY,10022,USA,NA,MedIUm
2004-04-09 16:00:00,,76.67,0.0,2990.13,Shipped,4,4,2004,Motorcycles,S10_4698,"Tokyo Collectables, Ltd",Minato-ku,Tokyo,106-0032,Japan,Japan,S
2005-08-02 16:15:00,22.0,100.0,1464.1,3664.1,Shipped,1,8,2005,Motorcycles,S10_4698,Technics Stores Inc.,Burlingame,CA,94217,USA,NA,MedIUm
2005-11-20 04:15:00,22.0,100.0,1634.38,3834.38,Shipped,1,11,2005,Motorcycles,S10_4698,"Australian Gift Network, Co",South Brisbane,Queensland,4101,Australia,APAC,m
2005-06-05 03:00:00,21.0,86.77,0.0,1822.17,Shipped,1,6,2005,Motorcycles,S10_4698,FunGiftIdeas.com,New Bedford,MA,50553,USA,NA,s
04/29/2005 15:00:00,66.0,100.0,5286.6,11886.6,Shipped,2,4,2005,Motorcycles,S10_4698,"UK Collectables, Ltd.",Liverpool,,WX1 6LT,UK,EMEA,L
2005-08-10 06:45:00,56.0,100.0,3618.16,9218.16,Disputed,2,8,2005,Motorcycles,S10_4698,Euro Shopping Channel,Madrid,,28034,Spain,EMEA,L
2003-11-05 06:50:00,50.0,100.0,2208.0,7208.0,Shipped,1,11,2003,Classic Cars,S10_4757,Danish Wholesale Imports,Kobenhavn,,1734,Denmark,EMEA,large
15/09/2003 12:00:00,,100.0,404.8,5004.8,Shipped,2,9,2003,Classic Cars,S10_4757,Salzburg Collectables,Salzburg,,5020,Austria,EMEA,m
2003-02-23 06:55:00,33.0,100.0,1098.24,4398.24,Shipped,2,2,2003,Classic Cars,S10_4757,"Stylish Desk Decors, Co.",London,,WX3 6FW,UK,EMEA,medium
2003-12-14 15:00:00,49.0,100.0,697.76,5597.76,Shipped,3,12,2003,,S10_4757,Mini Creations Ltd.,New Bedford,MA,50553,USA,NA,medium
05/11/2003 12:55:00,32.0,100.0,1326.08,4526.08,Shipped,4,5,2003,Classic Cars,S10_4757,"Toys of Finland, Co.",Helsinki,,21240,Finland,EMEA,m
27/03/2003 20:00:00,44.0,100.0,1524.16,5924.16,Cancelled,4,3,2003,Classic Cars,S10_4757,Scandinavian Gift Ideas,Boras,,S-844 67,Sweden,,m
12/02/2003 13:25:00,24.0,100.0,1092.48,3492.48,Shipped,4,2,2003,Classic Cars,S10_4757,Alpha Cognac,Toulouse,,31000,France,EMEA,M
2003-03-23 13:00:00,26.0,100.0,1254.24,3854.24,Shipped,4,3,2003,Classic Cars,S10_4757,"Double Decker Gift Stores, Ltd",London,,WA1 1DP,UK,EMEA,Alpha
2003-09-25 03:45:00,45.0,100.0,824.4,5324.4,Shipped,4,9,2003,Classic Cars,S10_4757,Enaco Distributors,Barcelona,,8022,Spain,EMEA,m
2004-09-26 18:00:00,39.0,100.0,1297.92,5197.92,Shipped,1,9,2004,Classic Cars,S10_4757,"Men 'R' US Retailers, Ltd.",Los Angeles,CA,,USA,NA,Gamma
2004-06-04 17:30:00,49.0,100.0,1097.6,5997.6,Shipped,1,6,2004,Classic Cars,S10_4757,Collectable Mini Designs Co.,San Diego,CA,91217,USA,NA,M
2004-04-10 18:00:00,20.0,100.0,910.4,2910.4,Cancelled,2,4,2004,Classic Cars,S10_4757,Land of Toys Inc.,NYC,NY,10022,USA,NA,SmAll
2004-07-02 21:30:00,27.0,100.0,678.24,3378.24,Shipped,2,7,2004,Classic Cars,S10_4757,Quebec Home Shopping Network,Montreal,Quebec,H1J 1C3,Canada,NA,medium
2004-11-12 08:00:00,30.0,100.0,508.8,3508.8,Shipped,3,11,2004,Classic Cars,S10_4757,Petit Auto,Bruxelles,,B-1180,Belgium,EMEA,m
2004-01-12 15:30:00,25.0,100.0,492.0,2992.0,Shipped,3,1,2004,Classic Cars,S10_4757,"Royal Canadian Collectables, Ltd.",Tsawassen,BC,T2F 8M4,Canada,,SmAll
2004-09-19 23:30:00,24.0,100.0,1027.2,3427.2,Shipped,3,9,2004,Classic Cars,S10_4757,Gifts4AllAges.com,Boston,MA,51003,USA,NA,m
2004-04-22 09:30:00,22.0,100.0,492.8,2692.8,Shipped,4,4,2004,,S10_4757,"Classic Gift Ideas, Inc",Philadelphia,PA,71270,USA,NA,S
2004-02-16 01:00:00,33.0,100.0,828.96,4128.96,Shipped,4,2,2004,Classic Cars,S10_4757,giftsbymail.co.uk,Cowes,Isle of Wight,PO31 7PJ,UK,EMEA,M
2004-08-07 02:30:00,,64.93,0.0,3051.71,Shipped,4,8,2004,Classic Cars,S10_4757,Baane Mini Imports,Stavern,,4110,Norway,EMEA,medium
2004-03-18 04:30:00,25.0,48.05,0.0,1201.25,Shipped,4,3,2004,Classic Cars,S10_4757,Classic Legends Inc.,NYC,NY,10022,USA,NA,S
2004-08-07 15:30:00,26.0,75.47,0.0,1962.22,Shipped,4,8,2004,Classic Cars,S10_4757,Euro Shopping Channel,Madrid,,28034,Spain,EMEA,S
2004-10-19 18:30:00,48.0,54.68,0.0,2624.64,Shipped,4,10,2004,Classic Cars,S10_4757,Reims Collectables,Reims,,51100,France,EMEA,SmAll
27/04/2005 08:15:00,39.0,100.0,146.25,4046.25,Shipped,1,4,2005,Classic Cars,S10_4757,"Oulu Toy Supplies, Inc.",Oulu,,90110,Finland,EMEA,Delta
2005-11-23 05:15:00,34.0,100.0,1446.7,4846.7,Shipped,1,11,2005,Classic Cars,S10_4757,Corporate Gift Ideas Co.,San Francisco,CA,,USA,NA,m
2005-01-23 01:15:00,32.0,100.0,170.56,3370.56,Shipped,1,1,2005,Classic Cars,S10_4757,Lyon Souveniers,Paris,,75508,France,EMEA,Gamma
2005-05-17 21:00:00,64.0,100.0,3261.44,9661.44,Shipped,2,5,2005,Classic Cars,S10_4757,The Sharp Gifts Warehouse,San Jose,CA,94217,USA,NA,large
24/03/2005 21:15:00,19.0,100.0,864.88,2764.88,On Hold,2,3,2005,Classic Cars,S10_4757,Gifts4AllAges.com,Boston,MA,51003,USA,NA,s
2003-02-15 18:40:00,42.0,100.0,1198.26,5398.26,Shipped,1,2,2003,Classic Cars,S10_4962,Baane Mini Imports,Stavern,,4110,Norway,EMEA,M
2003-10-15 21:35:00,31.0,100.0,1205.28,4305.28,Shipped,2,10,2003,Classic Cars,S10_4962,"La Corne D'abondance, Co.",Paris,,75012,France,EMEA,Beta
29/10/2003 11:45:00,22.0,100.0,1147.74,3347.74,Shipped,2,10,2003,,S10_4962,"Corrida Auto Replicas, Ltd",Madrid,,28023,Spain,EMEA,M
2003-01-02 18:55:00,26.0,100.0,588.12,3188.12,Shipped,3,1,2003,Classic Cars,S10_4962,Technics Stores Inc.,Burlingame,CA,94217,USA,NA,medium
04/30/2003 02:15:00,20.0,100.0,1191.2,3191.2,Shipped,3,4,2003,Classic Cars,S10_4962,"Dragon Souveniers, Ltd.",Singapore,,79903,Singapore,Japan,MedIUm
09/09/2003 10:05:00,21.0,100.0,1436.82,3536.82,Resolved,4,9,2003,Classic Cars,S10_4962,Mini Auto Werke,Graz,,8010,Austria,EMEA,m
2003-10-07 16:10:00,33.0,100.0,2062.83,5362.83,Shipped,4,10,2003,Classic Cars,S10_4962,"Stylish Desk Decors, Co.",London,,WX3 6FW,UK,EMEA,MedIUm
2003-11-07 18:55:00,28.0,100.0,633.36,3433.36,Shipped,4,11,2003,Classic Cars,S10_4962,"Classic Gift Ideas, Inc",Philadelphia,PA,71270,USA,NA,m
22/12/2003 11:50:00,,100.0,1663.74,4263.74,Shipped,4,12,2003,Classic Cars,S10_4962,"Saveley & Henriot, Co.",Lyon,,69004,France,EMEA,M
2003-02-21 20:35:00,31.0,100.0,976.19,4076.19,Shipped,4,2,2003,Classic Cars,S10_4962,Diecast Collectables,Boston,MA,51003,USA,NA,MedIUm
18/09/2004 02:00:00,48.0,100.0,2220.48,7020.48,Shipped,1,9,2004,Classic Cars,S10_4962,Handji Gifts& Co,Singapore,,69045,Singapore,APAC,L
2004-10-27 15:00:00,50.0,100.0,1426.5,6426.5,Shipped,1,10,2004,Classic Cars,S10_4962,Mini Gifts Distributors Ltd.,San Rafael,CA,97562,USA,NA,M
2004-11-04 11:30:00,28.0,100.0,1791.72,4591.72,Shipped,2,11,2004,Classic Cars,S10_4962,Super Scale Inc.,New Haven,CT,97823,USA,NA,MedIUm
2004-04-02 08:30:00,26.0,100.0,1433.38,4033.38,Shipped,2,4,2004,Classic Cars,S10_4962,Handji Gifts& Co,Singapore,,69045,Singapore,APAC,MedIUm
2004-12-11 01:00:00,32.0,100.0,1102.08,4302.08,Shipped,3,12,2004,Classic Cars,S10_4962,Souveniers And Things Co.,Chatswood,NSW,2067,Australia,APAC,m
10/09/2004 05:00:00,,100.0,2620.64,7020.64,Shipped,3,10,2004,Classic Cars,S10_4962,Diecast Classics Inc.,Allentown,PA,70267,USA,,Gamma
2004-03-17 09:00:00,30.0,100.0,855.9,3855.9,Shipped,3,3,2004,Classic Cars,S10_4962,Scandinavian Gift Ideas,Boras,,S-844 67,Sweden,EMEA,m
11/18/2004 07:00:00,38.0,100.0,2880.78,6680.78,Shipped,4,11,2004,Classic Cars,S10_4962,Marta's Replicas Co.,Cambridge,MA,51247,USA,NA,M
2004-04-11 07:00:00,40.0,100.0,2678.0,6678.0,Shipped,4,4,2004,Classic Cars,S10_4962,Canadian Gift Exchange Network,Vancouver,BC,V3F 2K1,Canada,NA,m
2004-10-12 11:00:00,46.0,61.99,0.0,2851.54,Shipped,4,10,2004,Classic Cars,S10_4962,Online Diecast Creations Co.,Nashua,NH,62005,USA,NA,SmAll
2004-03-15 11:30:00,26.0,100.0,588.12,3188.12,On Hold,4,3,2004,Classic Cars,S10_4962,"Volvo Model Replicas, Co",Lule,,S-958 22,Sweden,EMEA,MedIUm
09/17/2004 00:00:00,27.0,100.0,1728.0,4428.0,Shipped,4,9,2004,Classic Cars,S10_4962,"Australian Collectors, Co.",Melbourne,Victoria,3004,Australia,APAC,m
2004-01-24 00:30:00,43.0,100.0,1480.92,5780.92,Shipped,4,1,2004,Classic Cars,S10_4962,Mini Gifts Distributors Ltd.,San Rafael,CA,97562,USA,NA,m
2005-03-15 00:00:00,35.0,65.63,0.0,2297.05,Shipped,1,3,2005,Classic Cars,S10_4962,"Anna's Decorations, Ltd",North Sydney,NSW,2060,Australia,APAC,small
2005-09-01 08:00:00,37.0,100.0,2531.54,6231.54,Shipped,1,9,2005,Classic Cars,S10_4962,Corporate Gift Ideas Co.,San Francisco,CA,,USA,NA,Beta
2005-06-18 01:15:00,37.0,46.9,0.0,1735.3,Shipped,1,6,2005,Classic Cars,S10_4962,"Anna's Decorations, Ltd",North Sydney,NSW,2060,Australia,APAC,S
04/01/2005 11:45:00,27.0,100.0,1727.73,4427.73,Shipped,2,4,2005,Classic Cars,S10_4962,Quebec Home Shopping Network,Montreal,Quebec,H1J 1C3,Canada,NA,medium
19/06/2005 13:45:00,38.0,100.0,2094.94,5894.94,In Process,2,6,2005,,S10_4962,La Rochelle Gifts,Nantes,,44000,France,EMEA,m
2003-06-05 22:20:00,33.0,100.0,1965.15,5265.15,Shipped,1,6,2003,Classic Cars,S12_1099,Cruz & Sons Co.,Makati City,,1227 MM,Philippines,Japan,m
2003-12-24 06:45:00,42.0,100.0,3399.9,7599.9,Shipped,2,12,2003,Classic Cars,S12_1099,Marseille Mini Autos,Marseille,,13008,France,EMEA,lARgE
2003-05-16 04:30:00,42.0,100.0,3808.56,8008.56,Shipped,3,5,2003,Classic Cars,S12_1099,Mini Gifts Distributors Ltd.,San Rafael,CA,97562,USA,,L
2003-07-14 04:45:00,48.0,100.0,4445.76,9245.76,Shipped,3,7,2003,Classic Cars,S12_1099,Collectables For Less Inc.,Brickhaven,MA,58339,USA,NA,Alpha
2003-02-05 01:10:00,41.0,100.0,4196.35,8296.35,Shipped,4,2,2003,Classic Cars,S12_1099,Corporate Gift Ideas Co.,San Francisco,CA,,USA,NA,lARgE
05/16/2003 21:40:00,,100.0,2019.9,5019.9,Shipped,4,5,2003,,S12_1099,"Anna's Decorations, Ltd",North Sydney,NSW,2060,Australia,APAC,m
2003-07-01 16:20:00,,100.0,2711.07,5411.07,Shipped,4,7,2003,Classic Cars,S12_1099,Herkku Gifts,Bergen,,N 5804,Norway,EMEA,MedIUm
2003-04-22 14:00:00,,100.0,1740.9,3840.9,Shipped,4,4,2003,Classic Cars,S12_1099,"Toms Spezialitten, Ltd",Koln,,50739,Germany,EMEA,Beta
2003-08-01 10:30:00,20.0,100.0,1930.4,3930.4,Shipped,4,8,2003,Classic Cars,S12_1099,Euro Shopping Channel,Madrid,,28034,Spain,EMEA,m
01/29/2004 10:30:00,41.0,100.0,3398.9,7498.9,Shipped,1,1,2004,Classic Cars,S12_1099,Auto Canal Petit,Paris,,75016,France,EMEA,L
2004-05-30 20:30:00,27.0,100.0,1817.91,4517.91,Shipped,1,5,2004,Classic Cars,S12_1099,"Vida Sport, Ltd",Gensve,,1203,Switzerland,EMEA,M
2004-12-24 01:00:00,28.0,100.0,2974.72,5774.72,Shipped,2,12,2004,Classic Cars,S12_1099,Danish Wholesale Imports,Kobenhavn,,1734,Denmark,EMEA,M
2004-09-17 13:00:00,24.0,100.0,1522.56,3922.56,Cancelled,2,9,2004,Classic Cars,S12_1099,"UK Collectables, Ltd.",Liverpool,,WX1 6LT,UK,,MedIUm
2004-11-02 07:30:00,44.0,100.0,4760.36,9160.36,Shipped,3,11,2004,Classic Cars,S12_1099,L'ordine Souveniers,Reggio Emilia,,42100,Italy,EMEA,L
03/04/2004 09:00:00,,100.0,4631.0,9631.0,Shipped,3,3,2004,,S12_1099,Online Mini Collectables,Brickhaven,MA,58339,USA,NA,L
12/02/2004 02:30:00,21.0,100.0,1332.24,3432.24,Shipped,3,12,2004,Classic Cars,S12_1099,"Vida Sport, Ltd",Gensve,,1203,Switzerland,,M
2003-05-14 09:35:00,,100.0,2221.89,5521.89,Shipped,4,5,2003,Classic Cars,S12_1099,"Blauer See Auto, Co.",Frankfurt,,60528,Germany,,m
2004-12-22 03:30:00,33.0,100.0,3634.62,6934.62,Shipped,4,12,2004,Classic Cars,S12_1099,"Toms Spezialitten, Ltd",Koln,,50739,Germany,EMEA,M
08/07/2004 22:00:00,31.0,100.0,3776.11,6876.11,Shipped,4,8,2004,Classic Cars,S12_1099,"Volvo Model Replicas, Co",Lule,,S-958 22,Sweden,EMEA,m
2004-06-20 17:00:00,41.0,71.47,0.0,2930.27,Shipped,4,6,2004,Classic Cars,S12_1099,Land of Toys Inc.,NYC,NY,10022,USA,NA,SmAll
2004-11-03 03:00:00,45.0,79.65,0.0,3584.25,Shipped,4,11,2004,Classic Cars,S12_1099,Salzburg Collectables,Salzburg,,5020,Austria,EMEA,m
2005-02-16 09:15:00,33.0,85.39,0.0,2817.87,Shipped,1,2,2005,Classic Cars,S12_1099,Suominen Souveniers,Espoo,,FIN-02271,Finland,EMEA,s
2005-08-15 14:30:00,45.0,76.0,0.0,3420.0,Shipped,1,8,2005,Classic Cars,S12_1099,La Rochelle Gifts,Nantes,,44000,France,EMEA,medium
2005-02-14 20:45:00,26.0,99.04,0.0,2575.04,Shipped,1,2,2005,Classic Cars,S12_1099,Scandinavian Gift Ideas,Boras,,S-844 67,Sweden,EMEA,S
2005-01-16 23:15:00,12.0,100.0,761.28,1961.28,Shipped,2,1,2005,Classic Cars,S12_1099,Salzburg Collectables,Salzburg,,5020,Austria,EMEA,s
2003-04-25 19:15:00,41.0,100.0,4590.36,8690.36,Shipped,1,4,2003,Classic Cars,S12_1108,Danish Wholesale Imports,Kobenhavn,,1734,Denmark,EMEA,Omega
07/09/2003 21:45:00,33.0,100.0,2734.38,6034.38,Shipped,2,7,2003,Classic Cars,S12_1108,"Dragon Souveniers, Ltd.",Singapore,,79903,Singapore,Japan,medium
2003-01-09 22:35:00,,100.0,6679.2,11279.2,Shipped,2,1,2003,Classic Cars,S12_1108,Muscle Machine Inc,NYC,NY,10022,USA,NA,large
2003-05-22 15:00:00,33.0,100.0,4723.29,8023.29,Shipped,3,5,2003,Classic Cars,S12_1108,Mini Gifts Distributors Ltd.,San Rafael,CA,97562,USA,NA,l
05/24/2003 18:30:00,20.0,100.0,2904.0,4904.0,Shipped,3,5,2003,Classic Cars,S12_1108,Euro Shopping Channel,Madrid,,28034,Spain,EMEA,medium
2003-09-05 03:05:00,44.0,100.0,4194.52,8594.52,Shipped,4,9,2003,Classic Cars,S12_1108,"Dragon Souveniers, Ltd.",Singapore,,79903,Singapore,Japan,lARgE
2003-09-08 16:55:00,33.0,100.0,4174.5,7474.5,Shipped,4,9,2003,Classic Cars,S12_1108,L'ordine Souveniers,Reggio Emilia,,42100,Italy,EMEA,large
11/06/2003 15:40:00,21.0,100.0,1783.74,3883.74,Shipped,4,6,2003,Classic Cars,S12_1108,Mini Creations Ltd.,New Bedford,MA,50553,USA,NA,Omega
2003-11-24 05:45:00,47.0,100.0,4187.7,8887.7,Shipped,4,11,2003,Classic Cars,S12_1108,Super Scale Inc.,New Haven,CT,97823,USA,NA,l
2004-11-22 02:00:00,46.0,100.0,4002.92,8602.92,Shipped,1,11,2004,Classic Cars,S12_1108,"Saveley & Henriot, Co.",Lyon,,69004,France,EMEA,l
2004-12-26 11:30:00,32.0,100.0,3981.44,7181.44,Shipped,1,12,2004,,S12_1108,"Clover Collections, Co.",Dublin,,2,Ireland,EMEA,l
2004-11-26 10:00:00,42.0,100.0,4178.58,8378.58,Shipped,1,11,2004,Classic Cars,S12_1108,CAF Imports,Madrid,,28023,Spain,EMEA,l
2004-05-13 06:00:00,44.0,100.0,6206.2,10606.2,Shipped,2,5,2004,Classic Cars,S12_1108,Suominen Souveniers,Espoo,,FIN-02271,Finland,EMEA,l
